Country code,Country name,2013,2012,2011,2010,2009,2008,2007,2006,2005,2004,2003,2002,2001,2000,1999,1998,1997,1996,1995,1994,1993,1992,1991,1990,1989,1988,1987,1986,1985,1984,1983,1982,1981,1980,1979,1978,1977,1976,1975,1974,1973,1972,1971,1970,1969,1968,1967,1966,1965,1964,1963,1962,1961,1960,1959,1958,1957,1956,1955,1954,1953,1952,1951,1950
AFG,AFGHANISTAN,0.0,0.0,1.42E8,0.0,2.0E7,0.0,0.0,0.0,5050000.0,0.0,0.0,0.0,10000.0,50000.0,0.0,2.0E7,10000.0,0.0,0.0,0.0,0.0,4000000.0,6.0E7,0.0,0.0,2.6E8,0.0,,,5000000.0,3000000.0,1000000.0,,0.0,,5.2E7,,0.0,,,,0.0,0.0,,200000.0,,,,,0.0,0.0,,,,,,,2.5E7,,0.0,,,,
AGO,ANGOLA,0.0,0.0,0.0,0.0,0.0,0.0,0.0,0.0,0.0,0.0,0.0,0.0,0.0,1.0E7,0.0,0.0,0.0,,0.0,0.0,,0.0,0.0,0.0,0.0,0.0,0.0,,0.0,,0.0,,0.0,,,,,,,,,,,,,,,,,,,,,,,,,,,,,,,
AIA,ANGUILLA,,,,,,,,,,,,,,,50000.0,,,,,,,,,,,,,,,2115000.0,160000.0,,,,0.0,,,,0.0,,,,,,,,,,,,,,,3.5E7,,,,,0.0,,,,,
ALB,ALBANIA,,0.0,,0.0,0.0,0.0,0.0,,0.0,173000.0,,1.75E7,,,,0.0,0.0,0.0,0.0,,,7000000.0,0.0,,0.0,0.0,,,0.0,,,0.0,,,0.0,,,,,,,,,,,,0.0,,,,,,,,,,,,,,,,,
ARE,UNITED ARAB EMIRATES,0.0,,,0.0,,0.0,,,,0.0,,0.0,0.0,,0.0,,0.0,,,,7000000.0,,,,,,,,,,0.0,,,,,,,,,,,,,0.0,,,,,,,,,,,,,,,,,,,,
ARG,ARGENTINA,1.3E9,1.0E7,0.0,0.0,1.5E7,0.0,4.0E7,0.0,0.0,0.0,1.14821E9,0.0,7.65E8,3.0E8,0.0,1.1E9,0.0,,0.0,0.0,1.142E9,5.1E8,0.0,0.0,,4.9E8,1.1E8,0.0,1.53E9,0.0,1.8E9,0.0,0.0,0.0,0.0,0.0,8.0E7,,0.0,0.0,0.0,0.0,,2.5E7,,0.0,3000000.0,3.0E7,0.0,,,,,,,0.0,,,,,,,,
ARM,ARMENIA,6.1E7,,,,,,,,,0.0,,,,1.0E8,,120000.0,4.1333E7,,,0.0,0.0,0.0,,,,,,,,,,,,,,,,,,,,,,,,,,,,,,,,,,,,,,,,,,
ASM,AMERICAN SAMOA,,,,,0.0,,,,0.0,1.5E8,5.0E7,,,,,,,,,,,,,,5000000.0,,,,0.0,,,,,,,,,,,,,,,,,,,0.0,,,,,,,,,,,,,,,,
ATG,ANTIGUA AND BARBUDA,,,,1.26E7,,0.0,,,,,,,,,0.0,1.0E8,,,3.5E8,,,,,0.0,8.0E7,,,,,,0.0,,,,,,,,,,,,,,,,,0.0,,,,,,0.0,,,,,,,,,,1000000.0
AUS,AUSTRALIA,2.0E9,5.88E8,2.554E9,1.0129E10,1.51E9,2.515E9,1.4E9,1.282354E9,1.37E8,1.125E8,4.7E8,2.05E9,3.216E8,5.35E8,2.1963E9,3.84E8,6700000.0,9.35833E8,2.287E8,2.276E8,4600000.0,1.878E9,4.7456E8,8.184E8,1.107911E9,8.8472E7,,2.65839E8,1.68202E8,3000000.0,4.10012E8,3.1085E7,6.20741E9,1.20903E8,6.1134E7,1.087324E9,9.1395E7,1.07011E8,1.18545E8,1.102689E9,7.1E7,,1.39219E8,7.2475E7,,3600000.0,6.685E8,,,,,,,,,,,,0.0,,,,,
AUT,AUSTRIA,0.0,0.0,,,7.0E8,5.0E8,4.0E8,0.0,7.0E8,,2.8E8,2.405E9,,2.0E7,7.357E7,0.0,1.75E8,5000000.0,200000.0,2000000.0,1000000.0,,1.1E8,2.5E8,0.0,,,,0.0,0.0,0.0,0.0,0.0,0.0,,,,0.0,0.0,,,,,,,,,,,,,,,,,,,,,0.0,,0.0,,
AZE,AZERBAIJAN,,0.0,,0.0,0.0,,0.0,,0.0,,5.5E7,0.0,,1.1E8,5000000.0,0.0,2.5E7,,1.62E7,0.0,,0.0,,,,,,,,,,,,,,,,,,,,,,,,,,,,,,,,,,,,,,,,,,
BDI,BURUNDI,,,0.0,0.0,0.0,0.0,0.0,0.0,0.0,0.0,0.0,0.0,0.0,0.0,0.0,,0.0,,,,,0.0,,,0.0,,,,,,,,,,,0.0,,,,,,,,,,,,,,,,,,,,,,,,,,,,
BEL,BELGIUM,,0.0,9.9E7,3.98146E8,,0.0,4.5E8,0.0,0.0,1.0E8,0.0,5000000.0,,,5.0486E7,1.05E7,0.0,0.0,1.0E8,0.0,1.7E7,1.0E8,0.0,9.8E8,0.0,,0.0,,0.0,0.0,5.0E7,0.0,,,,,0.0,0.0,,0.0,,0.0,0.0,0.0,0.0,,2.0E7,0.0,0.0,0.0,0.0,0.0,0.0,,,0.0,,0.0,0.0,0.0,0.0,0.0,,0.0
BEN,BENIN,0.0,0.0,0.0,0.0,0.0,0.0,0.0,0.0,0.0,,0.0,0.0,0.0,0.0,215000.0,0.0,0.0,0.0,3100000.0,0.0,,,0.0,,0.0,0.0,0.0,,4800000.0,0.0,,0.0,,651000.0,,0.0,,0.0,,,,,,200000.0,0.0,,,,,,,,,,,,,,,,,,,
BFA,BURKINA FASO,,0.0,0.0,176000.0,1.5E8,0.0,0.0,0.0,0.0,0.0,0.0,,0.0,,0.0,0.0,0.0,0.0,0.0,0.0,,,0.0,0.0,,0.0,0.0,0.0,0.0,0.0,0.0,,0.0,0.0,0.0,,0.0,0.0,,,,,,,0.0,,,0.0,,,,,,,,,,,,,,,,
BGD,BANGLADESH,0.0,0.0,0.0,0.0,2.7E8,0.0,2.414E9,0.0,0.0,2.7E9,0.0,0.0,0.0,5.0E8,0.0,4.3E9,2.29E8,1.0E7,1.1753E9,1.275E8,0.0,0.0,1.93E9,6000000.0,1.62E7,2.137E9,1.0575E9,0.0,5.0E7,0.0,0.0,0.0,0.0,1.5E8,0.0,0.0,5.0E7,201000.0,,5.792E8,0.0,0.0,0.0,1.114E8,8329000.0,2.009E8,0.0,2.34E7,5.77E7,5250000.0,5.0E7,,1.19E7,0.0,,0.0,,,,,,,0.0,
BGR,BULGARIA,,4400000.0,,0.0,0.0,0.0,2454000.0,0.0,4.57E8,,,1000000.0,0.0,1.765E7,0.0,0.0,0.0,0.0,,,0.0,,,0.0,0.0,0.0,,0.0,,0.0,0.0,,0.0,,,,0.0,,,,,,,,,,,,0.0,,,,,,,,,,,,,,,
BHR,BAHRAIN,0.0,0.0,,,,,,0.0,,,,,,0.0,,,,,,,,,,0.0,,,,,,,,,,,,0.0,,,,,,,,,,,,,,,,,,,,,,,,,,,,
BHS,BAHAMAS,,0.0,4.0E7,,,0.0,0.0,,0.0,1.55E9,,,3.0E8,,4.5E8,,,,400000.0,,,2.5E8,,0.0,,0.0,,,0.0,,,,,,,,,,,,,,,,,,,1.55E7,700000.0,,1500000.0,,,,,,,,,,,,,
BIH,BOSNIA AND HERZEGOWINA,,0.0,,8.7E7,0.0,0.0,0.0,,0.0,0.0,1.4E8,,0.0,1.58E8,0.0,,0.0,,,,,,,,,,,,,,,,,,,,,,,,,,,,,,,,,,,,,,,,,,,,,,,
BLR,BELARUS,0.0,0.0,,,,,1.0E7,,0.0,,0.0,,,3.03E7,4380000.0,,3.3E7,0.0,0.0,,1.0E8,,,,,,,,,,,,,,,,,,,,,,,,,,,,,,,,,,,,,,,,,,,
BLZ,BELIZE,,,,0.0,,9697000.0,1.4847E7,,0.0,,,,2.5E8,2.7746E8,,50000.0,0.0,,500000.0,,,,,4450000.0,,,,,,,,0.0,,,0.0,6000000.0,,,,4000000.0,,,,,,,,,,,,,6.0E7,,,,,,5000000.0,,,,,
BMU,BERMUDA,,,,,,,,,,,3.0E8,,,0.0,,,,,,,,,,,0.0,,5.0E7,1500000.0,2000000.0,,,,,,,,,,,,,,,,,,,,,,,,,,,,,,,,,,,
BOL,BOLIVIA,2500000.0,0.0,2.0E7,1.0E8,0.0,0.0,5.9E8,3.5E7,0.0,0.0,1000000.0,1.0E8,1.21E8,0.0,0.0,0.0,7.0E7,0.0,,0.0,0.0,6.0E8,0.0,0.0,0.0,4.84E7,0.0,5.0E7,0.0,0.0,9.656E8,4.0E8,,0.0,,0.0,1.0E7,0.0,,1.05E7,,,,,0.0,3000000.0,,618000.0,100000.0,,,,,,,,,,,,,,,
BRA,BRAZIL,1500000.0,1.631E9,1.0E9,8.02E8,7.45E8,1.013E9,1.25E8,0.0,0.0,2.00037E9,3.03E8,1.1E7,5.0E7,7.5E7,0.0,1.59E8,0.0,0.0,3000000.0,5.66E8,0.0,2.58E7,2000000.0,0.0,0.0,1.03E9,6.2E7,5000000.0,8.51E8,2.03E9,3.5E8,0.0,0.0,0.0,0.0,2.3E9,0.0,,8.549E8,1.21E8,1.6E7,0.0,5200000.0,4.61E7,5770000.0,0.0,1.53E7,6.0941E7,1.7E7,500000.0,0.0,,0.0,,0.0,,0.0,0.0,,,,,,
BRB,BARBADOS,,,,0.0,,,0.0,,,5000000.0,,200000.0,,,,,,,0.0,,,,,1.5E7,,,1.0E8,,,0.0,,,,1500000.0,,,,,,,,,,500000.0,,,,,,,,,,,,,,,0.0,,,,,
BRN,BRUNEI DARUSSALAM,,,,,,,,,,,,,,,,2000000.0,,,,,,,,,,,,,,,,,,,,,,,,,,,,,,,,,,,,,,,,,,,,,,,,
BTN,BHUTAN,,,0.0,,0.0,,,,,0.0,,,,0.0,3500000.0,,,,,0.0,,0.0,,,,,,,0.0,,,,,,,,,,,,,,,,,,,,,,,,,,,,,,,,,,,
BWA,BOTSWANA,0.0,,0.0,,0.0,0.0,,0.0,0.0,0.0,,,,5000000.0,,,,,0.0,,,,,0.0,,0.0,,0.0,,,,,0.0,,,,,,,,,50000.0,,2000000.0,,1000000.0,,,0.0,,,,,,,,,,,,,,,
CAF,CENTRAL AFRICAN REPUBLIC,0.0,0.0,0.0,0.0,0.0,0.0,0.0,0.0,0.0,0.0,0.0,0.0,0.0,0.0,0.0,0.0,,0.0,0.0,,,0.0,,,,,,0.0,,,0.0,,125000.0,,,,,,,,0.0,,,,,,,,,,,,,,,,,,,,,,,
CAN,CANADA,3.0E9,1.084E9,2.3E9,0.0,5.0E8,0.0,0.0,0.0,3.57E8,3.0E8,6.9E8,0.0,0.0,1.3E7,100000.0,1.5E9,1.3E8,7.297E8,2.628E8,3000000.0,0.0,2.12E9,5.0E8,8500000.0,4.2E9,8.25E8,4.5E8,3.0E7,1.17E8,1.0E9,5.8E7,0.0,7.9E7,0.0,1.9E7,0.0,3.0E9,2.0E7,2500000.0,8.95E7,,0.0,0.0,0.0,0.0,,,0.0,0.0,,0.0,0.0,0.0,,0.0,0.0,,0.0,0.0,1.0E8,0.0,0.0,,1.0E8
CHE,SWITZERLAND,2.5E8,0.0,0.0,1.4E7,1.0E9,,4.5E8,0.0,2.1E9,,2.85E8,1.8E8,0.0,3.3E8,2.515E9,1000000.0,6.85E7,,9.56E7,5000000.0,4.4376E8,,0.0,2.8E8,,0.0,1.389E8,1.05E8,3500000.0,9600000.0,1000000.0,1000000.0,,,,,0.0,0.0,0.0,,,0.0,0.0,0.0,,0.0,,,0.0,,,,,,,,,,,,,,2.0E7,
CHL,CHILE,0.0,3.031E8,2.0E8,3.0E10,0.0,2.3E7,1.0E8,0.0,5000000.0,0.0,0.0,2.8E8,8900000.0,4.0E7,2.8E8,,2.304E8,,1.166E7,0.0,3.4E7,1.2E8,2.21E8,0.0,0.0,0.0,1.78E8,1.72E7,1.5E9,0.0,0.0,0.0,,,0.0,0.0,6800000.0,,,1.0E7,,,2.389E8,,,5.5E7,,400000.0,1.35E8,0.0,2.35E8,,0.0,5.5E8,,1.01E7,,,,,5.0731E8,,,
CHN,CHINA,3.9205E10,1.9834533E10,1.2048115E10,2.2675436E10,9.031552E9,1.11233E11,8.004698E9,1.2463691E10,1.1822775E10,4.32748E9,1.6368511E10,6.1568E9,4.449E9,1.491185E9,1.0128112E10,3.3282065E10,6.4024E9,2.14325E10,7.45154E9,2.34413E10,7.496514E9,1.83625E9,8.76981E9,2.940685E9,3.892E9,3.175095E9,2.30154E8,2.92841E9,7.0275E8,0.0,0.0,0.0,2.3E9,1.6E8,0.0,0.0,,5.6E9,0.0,0.0,,,,0.0,0.0,,,0.0,2.7118E7,0.0,,,,,0.0,,0.0,0.0,0.0,0.0,,,0.0,0.0
CIV,COTE D'IVOIRE,,0.0,0.0,0.0,0.0,0.0,0.0,0.0,0.0,0.0,,0.0,0.0,0.0,0.0,0.0,0.0,0.0,0.0,0.0,0.0,,0.0,,0.0,,0.0,,,,,,,0.0,,,0.0,,,,,,,0.0,,,,,,,,,,,,,,,,,,,,
CMR,CAMEROON,,0.0,0.0,0.0,0.0,0.0,0.0,0.0,0.0,0.0,0.0,,0.0,0.0,0.0,1700000.0,0.0,0.0,0.0,0.0,0.0,0.0,0.0,0.0,0.0,0.0,0.0,0.0,,0.0,,,,,,,,,,,,,1500000.0,,,,,,,,,,,,,,,,,,,,,
COD,"CONGO, THE DRC",0.0,0.0,0.0,0.0,0.0,7000000.0,0.0,0.0,0.0,0.0,0.0,9000000.0,0.0,0.0,0.0,0.0,0.0,0.0,0.0,0.0,,0.0,0.0,0.0,0.0,,0.0,,,,0.0,,,,,0.0,0.0,0.0,,,,,,,,0.0,,200000.0,,,,,,,,,,,,,,,,
COG,CONGO,,0.0,0.0,0.0,,0.0,0.0,0.0,0.0,0.0,0.0,0.0,0.0,0.0,0.0,59000.0,0.0,,,0.0,0.0,0.0,0.0,0.0,,,,,,,0.0,,,,,,,,,,,,,,,,0.0,,,,,,,0.0,,,,,,,,0.0,,
COK,COOK ISLANDS,,,,0.0,0.0,,,,0.0,,,,0.0,,,,0.0,,,,,0.0,,0.0,,,2.5E7,,,,,,0.0,,,,,,,,,,,,,,0.0,,,,,,,,,,,,,,,,,
COL,COLOMBIA,4000000.0,1.02E8,2.32E9,1.0E9,0.0,1.0E7,0.0,0.0,1.0E7,0.0,0.0,0.0,0.0,0.0,1.857869E9,0.0,3000000.0,0.0,1.04E8,2400000.0,0.0,0.0,400000.0,0.0,2.3E7,5.0E7,0.0,2500000.0,1.0E9,0.0,4.109E8,0.0,5000000.0,0.0,2.8E7,,0.0,0.0,,0.0,0.0,0.0,0.0,1.3925E8,500000.0,50000.0,600000.0,8000000.0,0.0,,,0.0,,,0.0,0.0,,4.0E7,,0.0,,,,0.0
COM,COMOROS,0.0,5000000.0,0.0,,0.0,,0.0,0.0,0.0,,0.0,0.0,,,0.0,0.0,,4.0E7,,,,,0.0,,5236000.0,,9000000.0,,5568000.0,,2.3E7,,0.0,,,,0.0,,0.0,,,,,,,,,,,,,,,,,,,,,,,,0.0,
CPV,CAPE VERDE,,,,,0.0,,0.0,,,0.0,,0.0,,,0.0,0.0,,,0.0,0.0,,0.0,,,,0.0,,,,0.0,,3000000.0,,0.0,,,,,,,,,,,0.0,,,,,,,,,,,,,,,,,,,
CRI,COSTA RICA,,4.5E7,0.0,0.0,2.0E8,0.0,8.0E7,,5.5E7,0.0,0.0,1000000.0,1000000.0,0.0,1000000.0,1.1409E8,,4.5E8,6300000.0,4000000.0,0.0,0.0,1.0E8,1.95E7,,6.9E7,,,,2500000.0,1000000.0,,,0.0,,,,0.0,0.0,,200000.0,,,3.0E7,4000000.0,5000000.0,,,,,0.0,,,,,,,,,,,,,
CUB,CUBA,,0.0,0.0,0.0,0.0,3.572E9,5.0E8,0.0,2.1E9,1.203139E9,0.0,4.6E7,1.0E8,0.0,0.0,2.18E9,0.0,1.3E7,2000000.0,1.01968E8,1.14E9,2590000.0,0.0,0.0,0.0,0.0,0.0,0.0,0.0,,6.0E7,8.5E7,0.0,0.0,,0.0,0.0,0.0,,,,,,0.0,,0.0,,1.8E7,,0.0,5.0E8,,,,,,,,,,,,,
CYM,CAYMAN ISLANDS,,,,,,0.0,,,,3.43508E9,,1500000.0,6.0E7,,,,,,,,,,,,,,,,,,,,,,,,,,,,,,,,,,,,,,,,,,,,,,,,,,,
CYP,CYPRUS,,,0.0,,,,0.0,,0.0,0.0,1.0E7,,,0.0,,0.0,,0.0,4340000.0,,,,0.0,,,,,,,,0.0,,,,,,,,,,,,,0.0,100000.0,,,,,,,,,,,,,,,,0.0,,,
CZE,CZECH REPUBLIC,1.083887E9,0.0,,3.4756E8,1.5E8,5.0E7,1.5E8,0.0,0.0,,0.0,2.42E9,,8.0E7,,5.2E7,1.85E9,3.6E7,0.0,,,,,,,,,,,,,,,,,,,,,,,,,,,,,,,,,,,,,,,,,,,,,
DEU,GERMANY,0.0,0.0,0.0,1.0E9,7.0E7,2.7E9,5.5E9,0.0,7.9E8,1.42E8,1.95E9,1.365E10,3.0E8,0.0,2.18623E9,1.5E8,3.6E8,3.152E8,7.568E8,1.4387E9,1.01E9,8.01E7,5000000.0,4.44E9,,,,,,,,,,,,,,,,,,,,,,,,,,,,,,,,,,,,,,,,
DJI,DJIBOUTI,,,,0.0,0.0,0.0,0.0,0.0,0.0,0.0,,0.0,,0.0,0.0,0.0,0.0,0.0,0.0,2119000.0,0.0,,,,1100000.0,0.0,,,,,0.0,,0.0,0.0,0.0,0.0,2500000.0,,,,,,,,,,,,,,,,,,,,,,,,,,,
DMA,DOMINICA,,,0.0,,,,2.0E7,,,0.0,,,0.0,,0.0,0.0,,,1.95E8,,,,,,2.0E7,,,,,2000000.0,,,,0.0,4.465E7,,,,,,,,,0.0,,,,,,,2600000.0,,,,,,,,,,,,,
DNK,DENMARK,,,,0.0,,,1.0E8,,1.3E9,0.0,,0.0,0.0,,2.604939E9,,,,,,,7.517E8,0.0,1.9E8,0.0,,,,0.0,0.0,0.0,,2.5E8,0.0,,,,0.0,,,0.0,,,,,,,,,,,,,,,,,,,,,,,
DOM,DOMINICAN REPUBLIC,,0.0,3.0E7,0.0,5.2403E7,0.0,1.627E8,,0.0,2.97E8,4.472E7,500000.0,10000.0,,0.0,1.9815E9,,0.0,0.0,0.0,0.0,0.0,0.0,0.0,0.0,0.0,2.37E7,0.0,0.0,,0.0,,0.0,4.7E7,1.5E8,0.0,,,,,,,,,,5000000.0,,5000000.0,1000000.0,1000000.0,6.0E7,,,,,,,,,,,,,
DZA,ALGERIA,,0.0,7.79E8,0.0,0.0,3.48E8,4.3061E7,1200000.0,7256000.0,8.0E8,5.0E9,1500000.0,3.0E8,0.0,6.0929E7,,0.0,0.0,0.0,0.0,0.0,900000.0,0.0,0.0,0.0,0.0,1000000.0,,1000000.0,0.0,,0.0,0.0,5.2E9,0.0,,,,,3.0E7,1.0E7,,,,1.0E7,,3000000.0,1.0E7,2000000.0,0.0,0.0,,,0.0,0.0,,,,,6000000.0,,0.0,,
ECU,ECUADOR,0.0,0.0,0.0,0.0,1700000.0,1.0E9,0.0,1.528E8,,,0.0,6.6E7,1.0975E7,0.0,0.0,0.0,2.71E8,7000000.0,0.0,0.0,5.0E8,2.0E7,0.0,0.0,1.5E7,0.0,1.5E9,,0.0,0.0,0.0,2.321E8,,0.0,,,0.0,4000000.0,0.0,,0.0,,50000.0,4520000.0,0.0,,100000.0,134000.0,4000000.0,0.0,,,,,,,,,,,0.0,,,0.0
EGY,EGYPT,0.0,0.0,0.0,0.0,0.0,0.0,0.0,0.0,0.0,0.0,0.0,0.0,1.0E7,0.0,0.0,0.0,1.7E7,0.0,0.0,1.4E8,0.0,1.2E9,0.0,0.0,0.0,0.0,0.0,0.0,0.0,0.0,0.0,0.0,,,1.4E7,,0.0,,0.0,0.0,,,,,,,,,,,,,,,,,,,0.0,0.0,,,,
ERI,ERITREA,,,,,,0.0,,,0.0,0.0,0.0,,,,0.0,,,0.0,0.0,,5165000.0,,,,,,,,,,,,,,,,,,,,,,,,,,,,,,,,,,,,,,,,,,,
ESP,SPAIN,0.0,3.95E8,2.0E8,3.4E8,1.9E9,0.0,4.0E8,6.59E8,2.05E9,1.7285E7,8.8E8,1.0047407E10,7.2E7,7.5E7,3.344004E9,1.63108E8,5000000.0,6.043E8,8.243E8,0.0,0.0,0.0,0.0,4.5E9,3.75E8,,1.291E9,,0.0,1.001E9,3.9E9,9.3E8,1.46E9,1.5E9,0.0,2.5E7,,0.0,0.0,0.0,4.0E8,2.0E7,1.55E8,0.0,,,,,0.0,,,8.0E7,,,0.0,,0.0,0.0,,,0.0,,,
EST,ESTONIA,,0.0,0.0,,,,,,1.3E8,,,,0.0,,,,,,,0.0,,,,,,,,,,,,,,,,,,,,,,,,,,,,,,,,,,,,,,,,,,,,
ETH,ETHIOPIA,2200000.0,0.0,0.0,0.0,0.0,0.0,0.0,3200000.0,6200000.0,0.0,0.0,0.0,0.0,2200000.0,4900000.0,1.56E7,0.0,0.0,500000.0,3500000.0,0.0,0.0,0.0,0.0,0.0,0.0,0.0,0.0,0.0,,0.0,,0.0,0.0,,0.0,0.0,0.0,,,7.6E7,,,0.0,1320000.0,920000.0,,,0.0,,,,0.0,,,,,,,,,,,
FIN,FINLAND,,,,,,,,,0.0,0.0,,,,,,0.0,,,,,,,,1.0E7,,,,,,,,,,,,,,0.0,,,,,,,,,,,,,,,,,,,0.0,,,,,,,
FJI,FIJI,,9.74E7,,3.9427E7,5.6547E7,0.0,3.7652E7,500000.0,0.0,4000000.0,3.0E7,,0.0,0.0,3500000.0,0.0,2.7E7,,,,1.0E8,1600000.0,,1.0E7,0.0,,2.5E7,3.54E7,7.6E7,,8.0851E7,,0.0,2256000.0,0.0,0.0,,,1000000.0,,0.0,2.25E7,,,,,,,0.0,1100000.0,,,,,,0.0,,,,,,2000000.0,,
FRA,FRANCE,6.55E8,0.0,0.0,5.73E9,3.2E9,8.0E7,2.5E8,0.0,1.0E7,0.0,5.90005E9,1.191E9,1.3235E8,0.0,1.251079E10,1.5E8,1.0E7,6010000.0,7.634E8,1.0E8,1.15E9,4.0E8,7.72E8,1.91E9,1.6E9,5.0E8,1.7E9,0.0,0.0,0.0,6.095E8,3.5E8,0.0,0.0,0.0,0.0,0.0,0.0,,0.0,0.0,0.0,,0.0,0.0,0.0,2.0E7,0.0,,,,,,,0.0,0.0,,,,,,0.0,,
FSM,"MICRONESIA, FEDERATED STATES OF",,,,,,0.0,,,,0.0,0.0,500000.0,,0.0,,0.0,,,,,,,,,,,6000000.0,,,,,,,,,,,,,,,,,,,,,,,,,,,,,,,,,,,,,
GAB,GABON,0.0,0.0,0.0,0.0,0.0,0.0,0.0,,,0.0,0.0,0.0,0.0,,,,,0.0,,0.0,0.0,,0.0,,,0.0,,,,,,,,,,,,,,,,,,,,,,,,,,,,,,,,,,,,,,
GBR,UNITED KINGDOM,,2.946E9,,500000.0,4.84E8,3000000.0,9.708E9,,7.0E8,9.6E7,0.0,4.0005E8,0.0,7.41815E9,1.3368E8,1.8654E9,2.484E8,3.3E8,6.942E8,2.36E8,1.87E8,0.0,9.0E8,4.791E9,0.0,1.2E9,1.565E9,0.0,0.0,8.48E7,0.0,2500000.0,0.0,0.0,,0.0,1000000.0,0.0,0.0,0.0,0.0,0.0,0.0,,,2500000.0,3.64E7,0.0,0.0,,,0.0,,,,0.0,0.0,,0.0,,,0.0,0.0,
GEO,GEORGIA,0.0,9.4E7,0.0,,0.0,,,0.0,0.0,2156000.0,,3.5E8,0.0,2.0E8,0.0,,2.95E7,0.0,2200000.0,0.0,0.0,0.0,0.0,0.0,,,,,,,,,,,,,,,,,,,,,,,,,,,,,,,,,,,,,,,,
GHA,GHANA,0.0,0.0,0.0,0.0,0.0,0.0,0.0,0.0,0.0,0.0,,0.0,0.0,0.0,2.1E7,0.0,0.0,0.0,1.25E7,,0.0,,0.0,0.0,0.0,0.0,,,0.0,0.0,,,,0.0,,0.0,0.0,,,,,,100000.0,,,7.47E7,,,,,,,,,,,,,,,,,,
GIN,GUINEA,0.0,0.0,0.0,0.0,0.0,0.0,0.0,0.0,0.0,0.0,0.0,0.0,0.0,0.0,0.0,0.0,,,0.0,0.0,0.0,0.0,,,0.0,,0.0,,,,0.0,,0.0,0.0,,,,,,,,,,,,,,,,,,,,,,,,,,,,,,
GLP,GUADELOUPE,,,,0.0,,,3.0E8,,,0.0,,,0.0,,0.0,5000000.0,,,5.0E7,,,,,0.0,5.0E7,0.0,,,,,,,,,1.0E8,,,0.0,,,,,,0.0,,0.0,,7.0E7,,0.0,,,,,,,,0.0,,,,,,
GMB,GAMBIA,0.0,0.0,,0.0,0.0,0.0,0.0,,,0.0,0.0,0.0,0.0,0.0,0.0,0.0,0.0,0.0,,,,0.0,,,,0.0,0.0,0.0,,,,,,0.0,,0.0,4000000.0,0.0,,,0.0,,,,200000.0,500000.0,,,,,,,,,,,,,,,,,,
GNB,GUINEA-BISSAU,,0.0,,0.0,0.0,0.0,0.0,0.0,0.0,0.0,0.0,0.0,,,0.0,0.0,0.0,0.0,0.0,0.0,0.0,0.0,,,0.0,,0.0,0.0,,,,,,0.0,,0.0,,,,,,,,,0.0,,,,,,,,,,,,,,,,,,,
GNQ,EQUATORIAL GUINEA,,,,0.0,,0.0,,0.0,0.0,0.0,0.0,0.0,0.0,0.0,,,,,,,,,,,,,0.0,,,,,,,,,,,,,,,,,,,,,,,,,,,,,,,,,,,,,
GRC,GREECE,,0.0,0.0,0.0,0.0,0.0,1.75E9,5659000.0,0.0,3.4E8,6.0E8,0.0,0.0,3000000.0,4.2E9,6.75E8,1.6E8,0.0,8.727E8,4.377E8,0.0,,0.0,1.0E9,0.0,0.0,3.5E8,7.6E8,0.0,0.0,0.0,,9.0E8,0.0,0.0,2.5E8,2.8E7,,,,,0.0,,,,600000.0,5000000.0,1.8E7,8000000.0,,,,0.0,,,,,0.0,,0.0,1.0E8,,,
GRD,GRENADA,,,,0.0,,,,,0.0,8.89E8,,,,,5500000.0,,,,,,,,,6000000.0,,,,,,,,,,5300000.0,,,,,4700000.0,,,,,,,,,,,,0.0,,,,,,,,,,,,,
GTM,GUATEMALA,0.0,2.1E8,6.1913E7,1.15E9,0.0,0.0,0.0,0.0,9.883E8,0.0,0.0,100000.0,1.415E7,0.0,1000000.0,7.48E8,0.0,500000.0,0.0,1.0E7,,0.0,0.0,0.0,0.0,0.0,0.0,0.0,0.0,0.0,0.0,1.05E8,,,0.0,,,1.0E9,,,2500000.0,,,,1.5E7,20000.0,,,,,,,,0.0,,,,,,,,,,
GUF,FRENCH GUIANA,,,,,,,,,,,,,,,,,,0.0,,,,,,,,,,,,,,,,,,,,,,,,,,,,,,,,,,,,,,,,,,,,,,
GUM,GUAM,,,,,,,,,,1000000.0,,1.3E8,,,,,2.0E8,,,,1.2E8,3.0E8,,,,,145000.0,,,,,,,,,,,1.2E8,,,,,,,,,,,,,,2.5E8,,,,,,,,,,,,
GUY,GUYANA,,,,1.47E7,,0.0,,1.69E8,4.651E8,,,,,0.0,,,2.9E7,0.0,1.5E7,,,,,,0.0,400000.0,,,,,,,,,0.0,0.0,,,,,,,200000.0,,,,,,,,,,,,,,,,,,,,,
HKG,HONG KONG,,0.0,,0.0,0.0,380000.0,,,0.0,,0.0,0.0,,0.0,0.0,,1.0E7,0.0,0.0,3.7E7,2.0271E8,2.697E8,1.0E7,0.0,67000.0,0.0,0.0,0.0,42000.0,0.0,1.2544E7,0.0,0.0,0.0,1.0E7,0.0,0.0,0.0,0.0,0.0,0.0,0.0,0.0,0.0,0.0,0.0,0.0,8000000.0,0.0,0.0,,0.0,0.0,0.0,0.0,,0.0,,,,,,,
HND,HONDURAS,,0.0,0.0,9.0E7,1.0E8,0.0,6579000.0,8000000.0,1.155E8,0.0,2.0E7,1.0E8,5000000.0,0.0,1500000.0,3.7936E9,0.0,3.25E7,4000000.0,1.0E7,1.143E8,,,1.0E8,0.0,0.0,,0.0,0.0,0.0,,1.01E8,0.0,0.0,1.3E7,1000000.0,,0.0,,5.4E8,0.0,7000000.0,0.0,,1.9E7,,,,500000.0,,,,0.0,,,,,,,,,,,
HRV,CROATIA (LOCAL NAME: HRVATSKA),,0.0,,8.0E7,,0.0,0.0,0.0,0.0,,3.5E8,0.0,0.0,2.5775E8,,,0.0,0.0,,,,0.0,,,,,,,,,,,,,,,,,,,,,,,,,,,,,,,,,,,,,,,,,,
HTI,HAITI,0.0,2.54E8,0.0,8.0E9,0.0,0.0,0.0,0.0,5.05E7,5.1E7,0.0,1000000.0,20000.0,0.0,0.0,1.8E8,0.0,100000.0,0.0,5.0E7,0.0,2000000.0,,0.0,0.0,9.1436E7,0.0,0.0,,,,,,4.0E8,0.0,,0.0,,,0.0,,1009000.0,,,,1000000.0,,2.0E7,,1.0E7,1.8E8,0.0,,,0.0,,,,,0.0,,2.0E7,,
HUN,HUNGARY,0.0,0.0,0.0,5.43E8,,0.0,0.0,1.0E7,4.8E7,0.0,1.0E8,3.0E7,5000000.0,5.5E7,2.934E8,,1.0E7,0.0,6.0E7,0.0,,3.84E8,,,,,,5.0E8,,0.0,,,,,,,,,,,,,,8.5E7,,,,,,,,,,,,,,,,,,,,
IDN,INDONESIA,3.0E9,1000000.0,5850000.0,7.8E7,2.381E9,1733000.0,1.671E9,3.314243E9,5000000.0,4.5831E9,4961000.0,3.516E8,2.0E7,2.406E8,8700000.0,1.5004E9,8.0891E9,5.6783E8,8.54E7,1.95921E8,3.2301E7,1.054E8,4.7E7,1.49E7,341000.0,4600000.0,7.17E7,0.0,0.0,2500000.0,1.83197E8,1.6495E8,2200000.0,3400000.0,2.335E7,1200000.0,1200000.0,1.95E8,,0.0,0.0,7.0E7,,0.0,200000.0,7831000.0,0.0,3.3E7,0.0,,0.0,,,,,0.0,,0.0,0.0,0.0,0.0,,0.0,
IND,INDIA,1.1046E9,2.44E8,2.034625E9,2.149E9,2.934E9,1.45E8,3.76151E8,3.39E9,7.65E9,3.7988E9,6.13E8,9.6191E8,2.984924E9,1.4955E9,2.9944E9,1.0076E9,2.81E8,2.27268E9,3.13052E8,1.941E8,7.88E9,3.0895E8,3.18E8,2.9625E9,0.0,1.0327E9,5.45E8,6.54043E8,9.52E8,1.27E8,5.91E8,1.44542E9,2.5E8,3.2E8,3.228E8,1.66E8,4.98535E8,2.66756E8,9.14259E8,0.0,0.0,1.0E8,5.6E8,1.012E8,8330000.0,9.42E7,400000.0,5600000.0,1.0E8,500000.0,0.0,0.0,0.0,0.0,0.0,0.0,0.0,0.0,0.0,0.0,0.0,0.0,,0.0
IRL,IRELAND,,,3.25E8,,0.0,,,,0.0,0.0,,0.0,,1.0E8,1.0E8,50000.0,,1000000.0,,0.0,3.8E7,,4000000.0,1.1E8,,,0.0,0.0,0.0,,0.0,,0.0,,0.0,,,,,,,,,,,,,,,,,,,,,,,,,,,,,
IRN,IRAN (ISLAMIC REPUBLIC OF),0.0,5.0E8,0.0,0.0,0.0,0.0,2.2E7,5.8262E7,8.0E7,240000.0,5.22504E8,3.6306E8,1.038E8,6000000.0,3.343E9,1.485E8,2.31E8,5.023E7,9.59E7,1.434E8,1.2413E9,3.4694E9,5.834E8,8.3097E9,2000000.0,1.5E8,0.0,1.591E9,0.0,,5000000.0,,1.005E9,0.0,0.0,5.0E7,0.0,0.0,0.0,,,1000000.0,,8000000.0,0.0,3.6E7,,0.0,0.0,0.0,,3.0E7,0.0,0.0,,0.0,0.0,0.0,,0.0,0.0,,0.0,0.0
IRQ,IRAQ,,0.0,0.0,0.0,0.0,0.0,0.0,1300000.0,0.0,0.0,0.0,,,0.0,,0.0,0.0,,0.0,0.0,,,0.0,,0.0,0.0,,,,,,,,0.0,,0.0,,,,,,0.0,,,2000000.0,3000000.0,5000000.0,,,,,,,,,,,,,5.0E7,,,,
ISL,ICELAND,,,,0.0,,,,,,,,,,1.2E7,,,,1.65E7,5789000.0,,,,,,,0.0,,,,0.0,0.0,,,,,,,0.0,,0.0,2.47E7,,,,,,,,,,,,,,,,,,,,,,,
ISR,ISRAEL,,,,2.7E8,,0.0,,,0.0,,,,0.0,2750000.0,7.5E7,0.0,4.0E7,,8.2E7,,,5.5E8,0.0,0.0,,,,,0.0,,0.0,,,,,,,,,,,,,0.0,,,,,,,,,,,,,,,,,,,,
ITA,ITALY,0.0,1.7137601E10,5.45E8,8.72E8,2.635E9,2.78E8,0.0,0.0,0.0,0.0,5.766352E9,1.942E9,2.781E8,8.05E9,5510000.0,2.87E7,5.3249E9,3.2E7,0.0,9.3E9,6.25E8,6.973E8,0.0,2.105E9,0.0,0.0,1.8987E9,2.0E7,1.5E7,3000000.0,0.0,7.35E8,0.0,2.0E10,0.0,1000000.0,1.94E8,3.6E9,0.0,,4.8E8,0.0,4.16E7,2.715E8,,2.5E8,,2.0E9,0.0,,0.0,,,0.0,,,,,0.0,0.0,0.0,,3.0E8,
JAM,JAMAICA,,0.0,,1.5E8,,6.6198E7,3.0E8,0.0,3.45E7,8.95E8,,2.103E7,5.5487E7,6000000.0,,,,3000000.0,,1000000.0,1.1E7,,3.0E7,0.0,,1.00044E9,3.1E7,7.6E7,5200000.0,,,,1.4E7,6.4E7,0.0,,0.0,,0.0,,1700000.0,,,,,500000.0,,,,,1.1525E7,,,,,,0.0,,,,,,5.6E7,
JOR,JORDAN,0.0,,,,,0.0,,0.0,,0.0,0.0,0.0,0.0,0.0,0.0,,1000000.0,,,0.0,1000000.0,4.0E8,0.0,,0.0,,0.0,,,,,,0.0,,,,,,,,,,,,,,,1400000.0,1000000.0,,0.0,,,,,,,,,,,,,
JPN,JAPAN,1.42E7,1.7024E9,2.1252E11,0.0,1.4E9,2.77E8,1.381E10,2.5E9,1.433E9,4.50935E10,1.319E9,2.55E7,1.8E9,9.99E9,5.107E9,3.3355E9,1.0E8,0.0,1.000839E11,1.764E8,3.318E9,1.605E8,1.00965E10,5.713E9,0.0,0.0,0.0,2.2E9,9.95E7,4.3E7,4.16E8,2.44E8,0.0,0.0,0.0,8.65E8,3.4E7,8.4E8,5.05E8,4.0E8,0.0,0.0,0.0,0.0,0.0,1.31E8,2.0E7,1.39E7,9.0E7,8.0E8,0.0,0.0,0.0,1.4E8,6.0E8,0.0,0.0,0.0,0.0,0.0,0.0,0.0,0.0,0.0
KAZ,KAZAKHSTAN,0.0,0.0,6.7E7,3.4576E7,0.0,1.3E8,,0.0,7662000.0,0.0,0.0,,0.0,1500000.0,0.0,0.0,0.0,,3000000.0,0.0,3.6532E7,,,,,,,,,,,,,,,,,,,,,,,,,,,,,,,,,,,,,,,,,,,
KEN,KENYA,3.6E7,1.0E8,0.0,0.0,0.0,0.0,0.0,0.0,500000.0,1.0E8,0.0,0.0,38000.0,0.0,0.0,0.0,1.18E7,0.0,,0.0,0.0,0.0,0.0,0.0,0.0,0.0,0.0,,,,0.0,0.0,,,0.0,,1.0E7,,0.0,0.0,,,1500000.0,,,50000.0,,,0.0,0.0,,,,,,,,,,,,,,
KGZ,KYRGYZSTAN,,0.0,0.0,0.0,0.0,0.0,200000.0,0.0,2660000.0,0.0,0.0,1500000.0,0.0,0.0,,1.08E7,2000000.0,,0.0,3.6E7,,1.61E8,,,,,,,,,,,,,,,,,,,,,,,,,,,,,,,,,,,,,,,,,,
KHM,CAMBODIA,0.0,0.0,5.21E8,7.0E7,0.0,,1000000.0,0.0,0.0,0.0,,3.81E7,1.5E7,1.6E8,500000.0,0.0,10000.0,1500000.0,,1.0E8,,0.0,1.5E8,,,,0.0,,,,,,,,,,,,,600000.0,,,,,,,,,,,,,,,,,,,,,,,,
KIR,KIRIBATI,,,,,,0.0,,,,,,,,,0.0,,,,,,,,,,,,,,,,,,,,,,0.0,,,,,0.0,,,,,,,,,,,,,,,,,,,,,,
KNA,SAINT KITTS AND NEVIS,,,,,,,,,,,,,,,4.14E7,4.0E8,,,1.97E8,,,,,0.0,4.6E7,,500000.0,,,0.0,,,,,,,,,,,,,,,,,,,,,,,,,,,,,0.0,,,,,
KOR,"KOREA, REPUBLIC OF",,8.29E8,5.2E7,0.0,0.0,0.0,7.0E7,0.0,1.655E8,8.27595E8,4.5E9,4.555E9,3.66E8,1.323E8,3.36E8,1.508754E9,1650000.0,1.224E8,5.65E8,2.6011E7,1.38093E8,0.0,4.636E8,9.66E7,2.001E8,0.0,5.47E8,1.09E7,1.4E7,2.05E8,,3.0E7,1.34E8,7220000.0,4.0E7,1.94E7,4.55E7,1.0E8,,0.0,,7.3434E7,0.0,5100000.0,2.24E7,3000000.0,0.0,1977000.0,3.65E7,1000000.0,0.0,0.0,0.0,,0.0,,0.0,0.0,,0.0,0.0,,,
KWT,KUWAIT,,,,,0.0,,,,,,,0.0,,,,,0.0,,,,,,,,,,,,,,,,,,,,,,,,,,,,,,,,,,,,,,,,,,,,,,,
LAO,LAOS ,3.3E7,,0.0,,1.0E8,0.0,,,,0.0,,0.0,0.0,1000000.0,0.0,0.0,,0.0,0.0,0.0,3.02151E8,2.5478E7,1150000.0,,,0.0,0.0,,0.0,0.0,,,0.0,,,0.0,0.0,,,,,,200000.0,,0.0,1280000.0,,1.53E7,,,,,,,,,,,,,,,,
LBN,LEBANON,,,,0.0,0.0,,0.0,,,,0.0,0.0,,0.0,,,,,,,,1.55E8,,0.0,,,1.0E7,,,,0.0,,,,,,,,,,,,,,,,,,,,,,,,,,,0.0,0.0,,,,,
LBR,LIBERIA,0.0,,,0.0,0.0,0.0,0.0,,0.0,,0.0,0.0,,0.0,0.0,0.0,,0.0,0.0,,,,,4.7E7,,,,,,,,0.0,,0.0,,,0.0,,,,,,,,,,,,,,,,,,,,,,,,,,,
LBY,LIBYA,0.0,0.0,0.0,0.0,0.0,0.0,,,,0.0,,0.0,,0.0,,,,0.0,4.22E7,,,8400000.0,,,0.0,0.0,,,,,,,,,,,,,,,,,,,,,,,,,5000000.0,,,,,,,,,,,,,
LCA,SAINT LUCIA,,,,500000.0,,,4.0E7,,,500000.0,,,,,0.0,,,0.0,,0.0,,,,,,1.0E9,0.0,0.0,,,1290000.0,,,8.799E7,,,,,,,,,,,,,3000000.0,,,,3465000.0,,,0.0,,,,,,,,,,
LKA,SRI LANKA,0.0,5.82E7,5.0E8,1.05E8,0.0,0.0,50000.0,3000000.0,0.0,1.3165E9,2.9E7,0.0,0.0,3000000.0,0.0,0.0,420000.0,0.0,400000.0,0.0,310000.0,2.5275E8,3.0E7,0.0,3.5E7,0.0,0.0,934000.0,0.0,2000000.0,0.0,1000000.0,0.0,0.0,0.0,1.0E8,0.0,,,0.0,,,,,8500000.0,,3000000.0,5000000.0,,3.73E7,,,,,,,0.0,,,,,,,
LSO,LESOTHO,,,0.0,,,0.0,0.0,,,,,0.0,0.0,0.0,0.0,,,0.0,,,,,,0.0,0.0,,0.0,,0.0,,0.0,,,,,,,,,0.0,,,,,,1000000.0,,,,,,,,,,,,,,,,,,
LTU,LITHUANIA,,0.0,,0.0,,,0.0,2.25573E8,3.0E7,,,,0.0,,500000.0,0.0,,,,,4600000.0,5.29E7,,,,,,,,,,,,,,,,,,,,,,,,,,,,,,,,,,,,,,,,,,
LUX,LUXEMBURG,,,,3.1E7,,,,,,,0.0,0.0,,,,,,,1.0E7,,1.0E7,,,3.7E8,,,,,,,0.0,,,,,,,,,,,,,,,,,,,,,,,,,,,,,,,,,
LVA,LATVIA,,0.0,,,,,,,3.25E8,,0.0,,0.0,0.0,500000.0,,,,,,,,,,,,,,,,,,,,,,,,,,,,,,,,,,,,,,,,,,,,,,,,,
MAC,MACAU,,,,,,0.0,,,,,,0.0,,,,,,,,,0.0,,,,,,,,,,,,,,,,,0.0,,,,,,,,,,,,,,,,,,,,,,,,,,
MAR,MOROCCO,0.0,0.0,0.0,2.9E7,0.0,0.0,0.0,0.0,50000.0,4.0E8,0.0,2.0E8,2200000.0,809000.0,9.0E8,0.0,0.0,5.5E7,9000000.0,0.0,0.0,0.0,0.0,0.0,0.0,0.0,0.0,,,0.0,0.0,0.0,,,0.0,,0.0,,0.0,,0.0,,100000.0,3.0E7,500000.0,,,0.0,5000000.0,0.0,0.0,,,1.2E8,0.0,0.0,,,,0.0,,,0.0,
MDA,"MOLDOVA, REPUBLIC OF",,0.0,,0.0,,0.0,4.06E8,,7752000.0,,,832000.0,,3.16E7,4000000.0,,5.0E7,,,3.0E8,,,,,,,,,,,,,,,,,,,,,,,,,,,,,,,,,,,,,,,,,,,,
MDG,MADAGASCAR,2.5E7,1.0E8,0.0,0.0,5000000.0,6.0E7,2.4E8,0.0,0.0,2.5E8,1.5E8,181000.0,0.0,9000000.0,0.0,0.0,5.35E7,0.0,0.0,1.02E7,,,0.0,,0.0,0.0,,1.5E8,,2.5E8,2.5E7,2.5E8,2.5E8,,,2.9E7,3.5E8,1.7E7,0.0,,,1.242E7,,1.14E7,5000000.0,3100000.0,,,,50000.0,,,,,,,,,,,,,,
MDV,MALDIVES,,,0.0,,,,0.0,,,4.701E8,,,,,0.0,,,,,,,,3.0E7,,,,6000000.0,,,,,,,,,0.0,,,,,,,,,,,,,,,,,,,,,,,,,,,,
MEX,MEXICO,0.0,1.175E9,5.977E8,7.066E9,4.0E7,7.5E7,3.6E9,2700000.0,7.91E9,3600000.0,2.163E8,1.05E9,4.01E8,1000000.0,9.429E8,6.117E8,4.518E8,2.20001E9,2.5908E9,0.0,1.7679E9,1.76E8,1.52E8,1.347E8,8.32E7,3.266E8,0.0,0.0,4.104E9,5.413E8,0.0,3.14E8,4.0E7,8.7E7,3.0E7,2.43E7,0.0,1.0E8,0.0,0.0,1.0E8,0.0,0.0,0.0,0.0,0.0,1.845E8,2.4E7,8000000.0,3000000.0,,0.0,0.0,,2.0E7,,2.5E7,,4.0E7,0.0,,0.0,0.0,
MHL,MARSHALL ISLANDS,0.0,,,,,0.0,,,,,,,,0.0,,,,,,,,,0.0,,,,,,,,,,,,,,,,,,,,,,,,,,,,,,,,,,,,,,,,,
MKD,MACEDONIA,0.0,0.0,,,0.0,,0.0,0.0,0.0,3600000.0,0.0,0.0,0.0,1.3563E7,,,,,2.45E8,,0.0,,,,,,,,,,,,,,,,,,,,,,,,,,,,,,,,,,,,,,,,,,,
MLI,MALI,0.0,,0.0,0.0,0.0,0.0,0.0,0.0,0.0,0.0,0.0,0.0,0.0,0.0,0.0,0.0,0.0,0.0,,,,0.0,0.0,,0.0,0.0,0.0,0.0,0.0,0.0,,,0.0,0.0,0.0,,,0.0,,,,,,,0.0,,,0.0,,,,,,,,,,,,,,,,
MLT,MALTA,,,,,,0.0,0.0,0.0,0.0,0.0,,,,,,,,0.0,,,,,0.0,,,,,,,,,,,,,,,,,,,,,,,,,,,,,,,,,,,,,,,,,
MMR,MYANMAR (Burma) ,0.0,1170000.0,5300000.0,5.7E7,0.0,4.0E9,0.0,0.0,0.0,5.00688E8,,0.0,0.0,,0.0,0.0,0.0,,0.0,1.0E7,0.0,5.5115E7,7.984E7,2500000.0,8.23E7,5.6E7,300000.0,8000000.0,7300000.0,9.6E7,0.0,1200000.0,1.0E7,,1.1E7,0.0,0.0,0.0,0.0,0.0,,2800000.0,,0.0,2689000.0,2500000.0,8200000.0,,2065000.0,50000.0,0.0,,,,,,,,,,,,,
MNE,MONTENEGRO,0.0,0.0,,0.0,0.0,,0.0,,,,,,,,,,,,,,,,,,,,,,,,,,,,,,,,,,,,,,,,,,,,,,,,,,,,,,,,,
MNG,MONGOLIA,,,,,6.2094E7,0.0,0.0,,,,270000.0,0.0,0.0,8.0E7,,0.0,,1.7128E9,0.0,0.0,1.0E7,,0.0,1.1E8,,,,0.0,,,,0.0,,,,,,,,,,,,,,,,2.5E7,,,,,,,,,0.0,,,,,,,
MNP,NORTHERN MARIANA ISLANDS,,,,,,,,,,0.0,,0.0,,,,,,,,,,,,,,,,,,,,,,,,,,,,,,,,,,,,,,,,,,,,,,,,,,,,
MOZ,MOZAMBIQUE,3.0E7,0.0,0.0,0.0,3000000.0,2.0E7,1.71E8,0.0,0.0,0.0,0.0,0.0,3.6E7,4.202E8,1.24E7,0.0,50000.0,1.45E7,,0.0,0.0,0.0,0.0,5.0E7,0.0,0.0,0.0,0.0,4200000.0,7.5E7,0.0,,0.0,0.0,0.0,6.3E7,5.55E7,,0.0,,,,0.0,,,,1.8E8,,,,,,,,,,,0.0,,,,,,
MRT,MAURITANIA,0.0,0.0,0.0,0.0,0.0,,0.0,0.0,0.0,0.0,0.0,0.0,0.0,0.0,0.0,0.0,0.0,0.0,0.0,0.0,0.0,,0.0,0.0,,0.0,0.0,,0.0,0.0,,0.0,,0.0,,2.55E7,,0.0,,,,,,,3.4E7,,,,0.0,,,,,,,,,,,,,,,
MSR,MONTSERRAT,,,,,,,,0.0,,,,,,,,,8000000.0,0.0,2.0E7,,,,,0.0,2.4E8,,,,,,,,,,,,,,,,,,,,,,,,,,,,,,,,,,,,,,,
MTQ,MARTINIQUE,,,0.0,0.0,,,3.0E8,,,,,,,,0.0,,,10000.0,1.6E8,,0.0,,,0.0,0.0,,,,,,,,,6.8E7,5.0E7,,,,,,,,,3.1E7,,,0.0,,,,4.0E7,,,0.0,,,,,,,,,,
MUS,MAURITIUS,0.0,,0.0,,,,0.0,,0.0,,,5.0E7,,,1.75E8,,,0.0,,1.354E8,,,0.0,,6.0E7,,0.0,,0.0,0.0,0.0,973000.0,,0.0,1.75E8,,,,2.0E8,,,0.0,,,,,5000000.0,,,,,,,0.0,,,,,,,,,,
MWI,MALAWI,0.0,0.0,0.0,0.0,0.0,0.0,0.0,0.0,0.0,0.0,0.0,0.0,6700000.0,1000000.0,0.0,89000.0,0.0,,0.0,,,0.0,2.4E7,0.0,2.8E7,,0.0,,,,,0.0,,,0.0,,,,,,,,,,200000.0,,500000.0,,0.0,,,,,,,,,,,,,,,
MYS,MALAYSIA,0.0,,0.0,0.0,0.0,0.0,9.68E8,2.2E7,0.0,5.1E8,0.0,0.0,0.0,1000000.0,0.0,2000000.0,3.01E8,5.2E7,1.8E7,0.0,0.0,,0.0,,0.0,0.0,863000.0,1.15E7,,0.0,0.0,,,0.0,,0.0,0.0,,,,,,,3.7E7,,0.0,2.82E7,,1000000.0,,,,,,,,,,,,,,,
MYT,MAYOTTE,,0.0,,,,0.0,,,,,,,,,,,,,,,,,,,,,,,,,,,,,,,,,,,,,,,,,,,,,,,,,,,,,,,,,,
NAM,NAMIBIA,0.0,0.0,1.2E7,0.0,0.0,0.0,0.0,8490000.0,,0.0,0.0,0.0,0.0,0.0,,1000000.0,,,0.0,,,,0.0,5.0E7,,0.0,,,,,,,0.0,,,,,,,,,,,,,,,,,,,,,,,,,,,,,,,
NCL,NEW CALEDONIA,,,,,,,,,,,4.0E7,,,,0.0,,,,,,,,,,0.0,,,,,,,,200000.0,,,,,0.0,0.0,,,0.0,,,3000000.0,0.0,,,,,,,,,700000.0,,,,0.0,,,,0.0,
NER,NIGER,6.4724E7,2750000.0,0.0,0.0,0.0,0.0,0.0,0.0,0.0,0.0,0.0,0.0,0.0,0.0,0.0,0.0,0.0,0.0,0.0,0.0,,,0.0,0.0,0.0,1.02E7,0.0,0.0,,0.0,,1.6E7,,0.0,,,,,,1000000.0,,,,0.0,0.0,,,0.0,,,,,,,,,,,,,,,,
NGA,NIGERIA,0.0,5.01E8,4500000.0,3.0E7,0.0,0.0,0.0,0.0,147000.0,0.0,2570000.0,0.0,3000000.0,6705000.0,0.0,0.0,0.0,2000000.0,0.0,6.65E7,0.0,0.0,0.0,0.0,0.0,0.0,0.0,0.0,8000000.0,0.0,0.0,,7.1103E7,,0.0,0.0,,,,,0.0,0.0,,,0.0,,,,,,,,,,,,,,,,,,,
NIC,NICARAGUA,0.0,0.0,0.0,0.0,0.0,0.0,0.0,0.0,0.0,0.0,,1050000.0,1000000.0,1000000.0,500000.0,9.877E8,2000000.0,1.01E7,722000.0,1.6E7,0.0,2.5E7,8.0E7,0.0,,4.0E8,0.0,,,,7000000.0,3.56E8,,0.0,0.0,,,0.0,,,,8.45E8,2380000.0,,7000.0,3500000.0,500000.0,,,,,,,0.0,,,,,,,,,0.0,
NIU,NIUE,,,,,,,,,,4.0E7,,,,,0.0,,,,,,,,,0.0,,,,,,,,,,,,,,,,,,,,,,0.0,,,,,,,,41000.0,1500000.0,,,,,,,,,
NLD,NETHERLANDS,,0.0,,2.8E7,,0.0,5.5E8,0.0,1.0E8,,0.0,3.0E8,0.0,2.56E8,0.0,5.301E8,0.0,0.0,1.18E9,2000000.0,1.23E8,5.52E7,3.8E7,1.8121E9,,,,0.0,0.0,0.0,,,,,,,,0.0,0.0,,,0.0,,,,,,,,,,0.0,,,,,,,,0.0,3.0E8,,,
NOR,NORWAY,,,0.0,,,0.0,,,1.3E8,0.0,,,0.0,0.0,0.0,,0.0,0.0,3.0E8,0.0,3000000.0,0.0,,1.3E8,0.0,0.0,,,,,,,,0.0,,,,,,,,,,,,,0.0,,,,,,,,,,,,,,,,,
NPL,NEPAL,0.0,2000000.0,123000.0,0.0,6.0E7,29000.0,2400000.0,0.0,0.0,0.0,0.0,0.0,0.0,6300000.0,2000000.0,2.7E7,0.0,0.0,1200000.0,,2.0E8,6200000.0,260000.0,0.0,0.0,6.0E7,7.275E8,3600000.0,0.0,0.0,1.0E7,0.0,0.0,2.45E8,0.0,513000.0,,0.0,0.0,,,1.0E7,,0.0,,300000.0,0.0,1000000.0,,0.0,0.0,,,,,,,,,0.0,,,,
NZL,NEW ZEALAND,1.64E9,9100000.0,1.8E10,6.5E9,,,0.0,3000000.0,8.2E7,2.45E8,3000000.0,500000.0,2.0E8,1000000.0,0.0,7.5E7,0.0,0.0,0.0,0.0,,1.515E8,0.0,,0.0,0.0,2.1E8,2.31E7,0.0,2.0E7,0.0,,0.0,0.0,2466000.0,0.0,0.0,0.0,,,0.0,,,,,2669000.0,,,,,,,,,,,,,,,0.0,,,
OMN,OMAN,,,0.0,1.0E9,,,3.9E9,,,0.0,1000000.0,5.0E7,,,,,,,,,,,,,,,,,,,,,0.0,,,,0.0,,,,,,,,,,,,,,,,,,,,,,,,,,,
PAK,PAKISTAN,1.9E9,2.5E9,2.5E9,9.598E9,0.0,1.13E8,1.947118E9,0.0,5.23E9,0.0,0.0,30000.0,2.465E8,0.0,2.57936E8,0.0,0.0,1.749E8,0.0,9.2E7,0.0,1.00023E9,1.0E7,1000000.0,0.0,4180000.0,0.0,0.0,2000000.0,2.2E7,3000000.0,0.0,0.0,0.0,0.0,0.0,0.0,5.05E8,0.0,3255000.0,6.615E8,,,60000.0,,0.0,2800000.0,,0.0,4600000.0,,,,,0.0,,0.0,0.0,,0.0,0.0,,,0.0
PAN,PANAMA,2.0E8,0.0,0.0,0.0,0.0,1.0E7,0.0,0.0,7000000.0,0.0,0.0,500000.0,0.0,1300000.0,0.0,50000.0,,,7000000.0,0.0,,1.0E7,0.0,0.0,,6.0E7,,350000.0,,0.0,0.0,0.0,,,,0.0,,,,,0.0,100000.0,,1.5E7,,,,1000000.0,500000.0,454000.0,,,,,,,,,,,,,,
PER,PERU,0.0,0.0,0.0,0.0,0.0,0.0,6.0E8,0.0,50000.0,0.0,0.0,0.0,3.0E8,0.0,0.0,7000000.0,1.2E7,5.5E7,0.0,5.0E7,0.0,2.5E8,2000000.0,3.7E7,0.0,0.0,0.0,2.32E7,0.0,3000000.0,9.888E8,0.0,6000000.0,0.0,0.0,2000000.0,1000000.0,,,3.17E7,0.0,2.0E7,600000.0,5.372E8,1.5E7,100000.0,1.5E7,2.0E7,0.0,0.0,,2.0E8,,0.0,,0.0,,,,,0.0,,,0.0
PHL,PHILIPPINES,7.568E7,1.005611E9,7.30726E8,3.35087E8,9.62107E8,4.81202E8,1.6815E7,3.48257E8,2697000.0,1.38867E8,4.2302E7,1.7543E7,1.09641E8,8.9758E7,8.2281E7,2.42037E8,7576000.0,4.215E7,1.018436E9,1.72655E8,3.3753E8,7.42E7,4.873E8,8.23158E8,1.7758E8,4.07891E8,1.9795E8,8.6516E7,8.3033E7,3.3649E8,7850000.0,1.22915E8,1.18299E8,1.25102E8,4.5637E7,2.12746E8,7138000.0,3.23409E8,4619000.0,7.3383E7,7943000.0,2.68E8,1290000.0,2.58399E8,3308000.0,1.96E7,2.65E7,1.3E7,2.0E7,4.3E7,0.0,0.0,4.9505E7,3.2E7,0.0,,0.0,0.0,0.0,0.0,,5.0E7,0.0,0.0
PLW,PALAU,,,,,,,,,,,,,,,,,,0.0,,,,,,,,,,,,,,,,,,,,,,,,,,,,,,,,,,,,,,,,,,,,,,
PNG,PAPUA NEW GUINEA,0.0,2.7E7,0.0,,0.0,0.0,0.0,0.0,0.0,0.0,0.0,0.0,0.0,0.0,4.3228E7,0.0,0.0,0.0,0.0,1.22E8,9000000.0,0.0,0.0,0.0,,0.0,2625000.0,500000.0,1000000.0,,1.19E7,,,0.0,0.0,,,,,,,0.0,0.0,1750000.0,,,,,,,,,,0.0,,,0.0,,,,,,0.0,
POL,POLAND,0.0,5900000.0,0.0,3.08E9,1.0E8,5.0E7,1.0E8,0.0,0.0,0.0,,150000.0,7.0E8,0.0,1.0E7,0.0,3.5E9,,0.0,1000000.0,,0.0,0.0,5.0E7,,,5.0E8,,,,2000000.0,5.3E7,,0.0,0.0,,0.0,,,,,,0.0,,,,,,,,,,,,,,,,,,,0.0,,
PRI,PUERTO RICO,,0.0,5.0E8,,6400000.0,,0.0,,,1.0E8,0.0,0.0,1.46E8,0.0,1.5E8,1.75E9,,5.121E8,3.0E8,2000000.0,,2.0E8,,,0.0,,,0.0,0.0,,,,0.0,,0.0,,,,0.0,,,,,0.0,,,,,,,,,,0.0,,,,,,,,,,
PRK,"KOREA, D.P.R.O.",0.0,1.14E7,0.0,0.0,,,3.0E8,0.0,0.0,4.28E8,,500000.0,9400000.0,6.0E9,2000000.0,0.0,10000.0,2.2E9,1.5E10,,1.1E8,,0.0,,,,0.0,,,,,,,,0.0,,,,,,,,,,,,,,,,,,,,,,,,,,,,,
PRT,PORTUGAL,0.0,,,1.62E9,,0.0,0.0,0.0,1.65E9,1.338136E9,1.73E9,0.0,0.0,0.0,,,3.5E7,1.3E7,,,,0.0,0.0,0.0,0.0,2.5E8,0.0,0.0,9.5E7,,1.9E8,,0.0,,3.21E7,,0.0,,0.0,,0.0,,,,,,3000000.0,,,0.0,,,,,,,,,,,,,,
PRY,PARAGUAY,0.0,6000000.0,0.0,0.0,820000.0,0.0,3.0E7,0.0,0.0,0.0,,0.0,,0.0,0.0,5000000.0,1687000.0,0.0,0.0,,,0.0,,0.0,,0.0,,,,,8.2E7,0.0,,,0.0,,,,,,,,50000.0,,,,,1000000.0,2000000.0,,0.0,,,,,,,,,,,,,
PSE,STATE OF PALESTINE,0.0,0.0,,0.0,,0.0,0.0,,,,,,,,0.0,,,,,,,,,,,,,,,,0.0,,,,,,,,,,,,,,,,,,,,,,,,,,,,,,,,,
PYF,FRENCH POLYNESIA,,,,1.1E7,,,0.0,,,,,,,,,0.0,,,,,,,,,,,0.0,,,,3.7E7,,,,,,,,,,,,,,,,,,,,,,,,,0.0,,,,,,,,
QAT,QATAR,,0.0,,,0.0,,,,,,,,,,,,,,,,,,,,,,,,,,,,,,,,,,,,,,,,,,,,,,,,,,,,,,,,,,,
REU,REUNION,,,,,,,0.0,,0.0,,,5.0E7,,0.0,,,,,,,0.0,,0.0,,5.0E7,,2000000.0,,,0.0,,,,6.7E7,,,0.0,,,,,,,,,,,,,,,,,,,,,,,,,,,
ROU,ROMANIA,0.0,0.0,,0.0,0.0,0.0,0.0,0.0,1.313E9,0.0,0.0,290000.0,1.35E8,6.005E8,6.0E7,1.5E8,1.1E8,0.0,3400000.0,3000000.0,0.0,,5.0E7,0.0,0.0,,,0.0,,0.0,0.0,,,,,,2.0E9,,5.0E7,,,,,5.0E8,,,,,,,,,,,,,,,,,,,,
RUS,RUSSIA,0.0,1.757E9,2.4015E7,3.666E9,1.32E9,0.0,4.45752E8,1.87411E8,1.023668E9,6.2759E7,1.06E7,1.01097E9,3.083E8,4.4865E7,1.14236E8,4.465E8,1.741E8,2.984E8,1.081E8,3.58E8,3.4E7,5.07E7,0.0,,,,,,,,,,,,,,,,,,,,,,,,,,,,,,,,,,,,,,,,,
RWA,RWANDA,,0.0,0.0,0.0,,0.0,9000.0,0.0,,0.0,0.0,0.0,0.0,0.0,0.0,0.0,,0.0,0.0,,,,0.0,,0.0,0.0,,,,0.0,,,,,,0.0,,0.0,,0.0,,,,,,,,,,,,,,,,,,,,,,,,
SAU,SAUDI ARABIA,0.0,0.0,3.0E8,0.0,9.0E8,0.0,0.0,0.0,0.0,0.0,0.0,0.0,0.0,0.0,0.0,0.0,0.0,0.0,,0.0,,,0.0,0.0,,,,0.0,4.5E8,,,0.0,0.0,0.0,,,,,0.0,,,,,,,,,220000.0,,0.0,,,,,,,,,,,,,,
SDN,SUDAN,7000000.0,0.0,0.0,0.0,0.0,0.0,3.0E8,0.0,0.0,0.0,1.84E8,0.0,2000000.0,0.0,0.0,4.0E7,0.0,0.0,0.0,0.0,200000.0,,0.0,0.0,0.0,0.0,0.0,0.0,,,0.0,,,0.0,,2.5E7,,0.0,0.0,,,,,,,,,0.0,0.0,,,,,,,,,,,,,,,0.0
SEN,SENEGAL,0.0,1.0E7,0.0,0.0,0.0,0.0,0.0,0.0,0.0,0.0,0.0,4.0979E7,0.0,0.0,0.0,0.0,800000.0,,0.0,0.0,0.0,1.87E7,,,,0.0,0.0,0.0,0.0,0.0,1406000.0,,,0.0,0.0,2000000.0,,3.0E8,,,,,,,7.48E7,,,50000.0,0.0,,,,,,,,,,,,,,,
SGP,SINGAPORE,,,,,,,,,,,,0.0,,0.0,,0.0,0.0,,,,0.0,6137000.0,,,,,,0.0,,,,,,,,,,,,,,,,,,,,,,,,,,,,,,,,,,,,
SHN,ST. HELENA,,,,,,,,,,,,,0.0,,,,,,,,,,,,,,,,,,,,,,,,,,,,,,,,,,,,,,,,,,,,,,,,,,,
SLB,SOLOMON ISLANDS,0.0,0.0,0.0,0.0,0.0,0.0,0.0,,,,0.0,0.0,,,,0.0,0.0,,,,0.0,0.0,0.0,,,0.0,,2.0E7,0.0,,,0.0,,,0.0,,0.0,,0.0,,,,0.0,,,0.0,0.0,0.0,,,,,,,,,,0.0,,,,,,
SLE,SIERRA LEONE,0.0,0.0,0.0,0.0,0.0,0.0,0.0,0.0,0.0,0.0,0.0,,0.0,0.0,0.0,0.0,0.0,0.0,0.0,,,0.0,,,,,0.0,,0.0,0.0,0.0,,,,,,,,3600000.0,,,,,,,,,,,,,,,,,,,,,,,,,
SLV,EL SALVADOR,,,1.0E9,2.0E7,9.66E8,0.0,0.0,0.0,3.557E8,0.0,0.0,0.0,1.8709E9,0.0,1500000.0,5.581E8,0.0,10000.0,0.0,1000000.0,0.0,0.0,0.0,0.0,0.0,0.0,,1.5E9,,,,2.8E8,0.0,,,,,,,,,,,,1600000.0,,,,3.5E7,,,,,,,,,,,,,,2.3E7,
SOM,SOMALIA,0.0,0.0,0.0,0.0,0.0,0.0,0.0,0.0,20000.0,1.0E8,0.0,0.0,0.0,0.0,0.0,0.0,0.0,0.0,0.0,0.0,,0.0,0.0,,0.0,0.0,0.0,0.0,0.0,,0.0,,0.0,0.0,,,0.0,,,,0.0,,,,0.0,,,,0.0,0.0,,,0.0,,,,,,,,,,,
SRB,SERBIA,0.0,0.0,,1.3226E8,0.0,,0.0,,,,,,,,,,,,,,,,,,,,,,,,,,,,,,,,,,,,,,,,,,,,,,,,,,,,,,,,,
SSD,SOUTH SUDAN,,0.0,,,,,,,,,,,,,,,,,,,,,,,,,,,,,,,,,,,,,,,,,,,,,,,,,,,,,,,,,,,,,,
STP,SAO TOME AND PRINCIPE,,,,,,0.0,0.0,,,,,,,,,,,,,,,,,,0.0,,,0.0,,,0.0,,,,,,,,,,,,,,,,,,,,,,,,,,,,,,,,,
SUR,SURINAME,,,,,,0.0,,0.0,,,,,0.0,,,,,,,,,,,,0.0,,,,,,,,,,,,,,,,,,,,50000.0,,,,,,,,,,,,,,,,,,,
SVK,SLOVAKIA (SLOVAK REPUBLIC),0.0,0.0,,2.5E7,0.0,,0.0,0.0,0.0,3.833E8,1.5E8,3000000.0,6000000.0,0.0,1.133E8,4.5E7,6.0E7,,0.0,,,,,,,,,,,,,,,,,,,,,,,,,,,,,,,,,,,,,,,,,,,,,
SVN,SLOVENIA,,2.65E8,,,,0.0,3.92E8,,5000000.0,1.0E7,8.0E7,,,,,0.0,,,0.0,,,,,,,,,,,,,,,,,,,,,,,,,,,,,,,,,,,,,,,,,,,,,
SWE,SWEDEN,,,,,,,,,2.8E9,,,0.0,,,1.6E8,0.0,,,3.02E7,,,0.0,,1.0E7,0.0,,0.0,,5800000.0,,,,,,,,1.81E8,0.0,,,,,,,,,,,,,,,,,,,,,,,,,,
SWZ,SWAZILAND,,,,,,0.0,0.0,0.0,0.0,0.0,,,0.0,50000.0,,,,0.0,,,,0.0,,1739000.0,,,,,,5.4152E7,,,0.0,,,,,,,,,,,,,,,,,,,,,,,,,,,,,,,
SYC,SEYCHELLES,9300000.0,,,,,,,,0.0,3.0E7,,0.0,,,,,1700000.0,,0.0,,,,,,,,,,,,,,,,,,,,,,,,,,,,,,,,,,,,,,,,,,,,,
SYR,SYRIAN ARAB REPUBLIC,,,0.0,,0.0,0.0,0.0,0.0,0.0,0.0,,1.0E7,0.0,0.0,0.0,0.0,,,3.5E7,0.0,,,,,,,,,,,,,,,,,0.0,,,3.9E7,,,,,,,5000000.0,,0.0,,,,,,,,,,,,,,,
TCA,TURKS AND CAICOS ISLANDS,,,,,0.0,5.0E8,,,,0.0,,,,,,0.0,,,,,,,,0.0,,,,,5000.0,,,,,,,,,,,,,,,,,,,,,,,,,,,,,,,,,,,
TCD,CHAD,,1.0E7,0.0,0.0,0.0,0.0,0.0,0.0,0.0,0.0,0.0,,1000000.0,0.0,0.0,0.0,0.0,0.0,0.0,,0.0,,0.0,,,157000.0,0.0,0.0,0.0,,,,,0.0,,,0.0,,,,,,0.0,,8.3E7,,,0.0,,,,,,,,,,,,,,,,
TGO,TOGO,,,0.0,0.0,0.0,0.0,0.0,0.0,,,0.0,0.0,0.0,,0.0,0.0,,0.0,0.0,0.0,,0.0,,,0.0,0.0,,,,,,,,0.0,,,,,,,,,500000.0,,,,,200000.0,0.0,,,,,,,,,,,,,,,
THA,THAILAND,9.7E7,0.0,4.0317E10,3.32E8,0.0,2.7844E7,1500000.0,3.494E7,6.58246E8,1.175E9,2.64E7,4.0127E7,2.85E7,1.12573E8,1.3267E7,0.0,5.5E7,1.505E8,2.241E8,2.88E8,2.11492E9,0.0,9801000.0,5.0E7,4.52E8,1.69146E8,7200000.0,2000000.0,3600000.0,4.03E8,0.0,0.0,1.3E7,5.97E7,0.0,4.0E8,0.0,,4.5E7,,,,,,,700000.0,,1000000.0,,,,1.9E7,,,,,,,0.0,,,,,
TJK,TAJIKISTAN,0.0,760000.0,0.0,2.055E8,1000000.0,8.4E8,0.0,2.2E7,5.0E7,1.2E7,6.1E7,2836000.0,834000.0,5.7E7,6354000.0,6.6E7,0.0,0.0,0.0,0.0,1.49E8,3.241E8,,0.0,,,,,,,,,,,,,,,,,,,,,,,,,,,,,,,,,,,,,,,,
TKL,TOKELAU,,,,,,,,,0.0,,,,,,,,,,,,,,,2400000.0,,,500000.0,,,,,,,,,,,,,,,,,,,,,0.0,,,,,,,,,,,,,,,,
TKM,TURKMENISTAN,,,0.0,,,,,,,,,,,0.0,,0.0,,,,,9.987E7,,,,,,,,,,,,,,,,,,,,,,,,,,,,,,,,,,,,,,,,,,,
TLS,EAST TIMOR,,,,,,,0.0,0.0,0.0,,0.0,,0.0,,,,,,,,,,,,,,,,,,,,,,,,,,,,,,,,,,,,,,,,,,,,,,,,,,,
TON,TONGA,,,3000000.0,,9500000.0,,,,,0.0,,,5.13E7,,,0.0,0.0,,,,,,,2500000.0,,,,,,,,2.23E7,,,,,2300000.0,,,,500000.0,,,,,,,,,,,,500000.0,,,,,,,,,,,
TTO,TRINIDAD AND TOBAGO,,,,0.0,,,,,0.0,1000000.0,,,,,,1.5E7,2.5E7,0.0,,,127000.0,,,0.0,,2000000.0,,,,,,,,,0.0,,,,,5000000.0,,,,,,,,,,,3.0E7,,,,,,,,,,,,,
TUN,TUNISIA,,,0.0,,0.0,0.0,0.0,0.0,,0.0,0.0,0.0,,0.0,,,,,,0.0,,,,2.428E8,,0.0,,0.0,,,,9.0E7,,,0.0,0.0,0.0,,,,5000000.0,,,,1.0E8,,,,,3000000.0,,0.0,,,,,0.0,,,,,,,
TUR,TURKEY,0.0,0.0,1.744E9,0.0,5.5E8,0.0,0.0,3.17E8,0.0,0.0,1.35E8,9.5E7,2.5E7,4.1E7,2.1E10,1.55E9,0.0,3.0E7,3.053E8,0.0,0.0,7.5E8,2.5E7,1.5E8,0.0,0.0,0.0,0.0,0.0,0.0,2.5E7,,0.0,1.5E7,0.0,0.0,0.0,2.5E7,1.7E7,0.0,,0.0,5000000.0,5.56E7,0.0,0.0,3000000.0,2.0E7,0.0,7200000.0,0.0,0.0,,,,,0.0,0.0,,1.78E8,0.0,0.0,0.0,
TUV,TUVALU,,,0.0,,,,,,,,,,,0.0,,,,,,,0.0,,,0.0,,,0.0,,,0.0,,,,,,,,,,,,0.0,,,,,,,,,,,,,,,,,,,,,,
TZA,"TANZANIA, UNITED REPUBLIC OF",0.0,0.0,0.0,0.0,0.0,0.0,0.0,0.0,0.0,0.0,0.0,0.0,0.0,0.0,0.0,0.0,0.0,0.0,0.0,0.0,3510000.0,0.0,0.0,280000.0,0.0,0.0,0.0,0.0,0.0,0.0,0.0,0.0,,0.0,0.0,0.0,0.0,,,3000000.0,,,,,,1000000.0,0.0,,,0.0,,,,,,,,,,,,,,
UGA,UGANDA,3100000.0,0.0,0.0,0.0,0.0,0.0,71000.0,0.0,0.0,0.0,0.0,0.0,0.0,0.0,0.0,1600000.0,1000000.0,0.0,,7.0E7,0.0,0.0,0.0,0.0,0.0,0.0,0.0,0.0,,,,0.0,,,0.0,,,,,,,,,,,,200000.0,1500000.0,,,,,,,,,,,,,,,,
UKR,UKRAINE,,1.69E9,0.0,1900000.0,0.0,1.0E9,9.67E8,2.3855E7,0.0,0.0,0.0,0.0,1.5E7,2.05E8,0.0,1259000.0,5.1E7,0.0,0.0,0.0,2.39E8,1600000.0,0.0,,,,,,,,,,,,,,,,,,,,,,,,,,,,,,,,,,,,,,,,,
URY,URUGUAY,,,,0.0,0.0,,4.5E7,,0.0,0.0,0.0,2.5E7,0.0,0.0,2.5E8,5000000.0,0.0,,,,0.0,0.0,0.0,,,,,0.0,,,,,,,,,,,,,,,0.0,,,,3.9E7,,,,,,,,,,,,,,,,,
USA,UNITED STATES,5.997E9,9.8469E10,5.9433E10,2.94125E10,1.2256E10,5.7762E10,9.663E9,6.42236E9,1.5906033E11,5.5692E10,1.89426E10,1.08161E10,8.3358E9,5.3016E9,1.47928E10,1.567155E10,9.5895E9,6.1636E9,1.689E10,3.15871E10,1.84225E10,3.495E10,7.293E9,9.527E8,1.458E10,0.0,4.21E8,1.84572E9,5.0941E9,2.2876E9,5.10725E9,2.1459E9,8.61E8,4.12E9,2.863E9,1.0E8,3.0E9,4.1E7,5.5E8,1.0E9,5.5E8,2.22E9,5.35E8,6.97E8,1.82E9,8000000.0,2.0E8,1.0E8,1.638E9,2.09E9,0.0,3.5E8,4.08E8,3.87E8,2.6E7,5.2E8,1.5E8,0.0,8.32E8,7.31E8,5.2E7,8.09E7,1.129E9,1.0E8
UZB,UZBEKISTAN,,,0.0,,,0.0,,0.0,0.0,0.0,,,,5.0E7,0.0,0.0,,,,,,0.0,,,,,,,,,,,,,,,,,,,,,,,,,,,,,,,,,,,,,,,,,,
VCT,SAINT VINCENT AND THE GRENADINES,,,0.0,2.5E7,,,,,0.0,5000000.0,,1.1E7,,,0.0,,,,,,,0.0,,,,,1.03E7,0.0,,,,,,1.63E7,0.0,,0.0,,,,,,0.0,,,,4500000.0,,,,,,,,,,,,0.0,,,,,
VEN,VENEZUELA,0.0,9.3E7,1.6E7,1.7E8,0.0,0.0,0.0,0.0,5.1E7,0.0,0.0,3000000.0,0.0,0.0,3.16E9,0.0,8.1E7,0.0,0.0,0.0,4500000.0,0.0,0.0,0.0,0.0,0.0,800000.0,1000000.0,0.0,,,0.0,5000000.0,0.0,,,,,,,,,0.0,,0.0,,5.4126E7,,,,,0.0,,,,,,0.0,,,,,,0.0
VGB,VIRGIN ISLANDS (BRITISH),,,,,,,,,,,,,,,,,,2000000.0,1.0E7,,,,,,,,,,,,,,,,,,,,,,,,,,,,,,,,,,,,,,,,,,,,,
VIR,VIRGIN ISLANDS (U.S.),,,,,,,,,,0.0,,,,,1.8E8,1.0E8,,,9.36E8,,,,,,2.18E7,,,,,,,,,,,,,,,,,,,,,,,,,,,,,,,,,,,,,,,
VNM,VIET NAM,1000000.0,3.728E8,2.19002E8,7.047E8,1.0652E9,6.735E8,9.83E8,1.099E9,3.4637E8,3.8E7,1.05E8,2.862E8,1.719E8,2.91035E8,3.095E8,1.219E8,8.87E8,7.5142E8,1.072E8,2.533E8,7.5E7,6.61E7,5.72E7,725000.0,2.1E7,0.0,0.0,0.0,0.0,0.0,0.0,0.0,0.0,0.0,,0.0,0.0,,0.0,,0.0,,0.0,0.0,,,500000.0,1.0E7,,5.0E7,,,,,,,,0.0,,,0.0,,,
VUT,VANUATU,,,0.0,,0.0,0.0,,0.0,0.0,0.0,,0.0,0.0,,0.0,0.0,0.0,,,0.0,6000000.0,0.0,,0.0,,0.0,2.5E7,,1.73E8,,,,1000000.0,,0.0,,0.0,,0.0,,,0.0,,,,,,,,,,,,,0.0,,,,,,,,250000.0,
WLF,WALLIS AND FUTUNA ISLANDS,,0.0,,,,,,,,,,,,,,,,,,,0.0,,,,,,,0.0,,,,,,,,,,,,,,,,,,,,0.0,0.0,,,,,,,,,,,,,,,
WSM,SAMOA,,1.33E8,,,1.5E8,,,,0.0,0.0,,,1500000.0,,,,,,,,,,2.78E8,2.0E8,1.55E7,,,,,,6.325E7,,,,,,,,,,,,,,,238000.0,,600000.0,,0.0,,,,,,,,,,,,,,
YEM,YEMEN,0.0,0.0,0.0,0.0,0.0,4.0E8,0.0,0.0,0.0,0.0,0.0,0.0,0.0,0.0,0.0,0.0,,1.21E9,0.0,,1500000.0,0.0,0.0,,,,,,,,,,,,,,,,,,,,,,,,,,,,,,,,,,,,,,,,,
ZAF,SOUTH AFRICA,0.0,2.0E8,2.21E8,0.0,1.5E7,4.31264E8,0.0,2.16E8,2.0E7,0.0,0.0,1.4041E7,0.0,1.7E8,4.46E7,1.65E8,0.0,6860000.0,1.0E7,0.0,0.0,0.0,0.0,1.393E9,6.77E7,0.0,7.65305E8,0.0,,1.42E8,0.0,0.0,1000000.0,0.0,,0.0,0.0,,,0.0,,,,,0.0,3.0E7,,,0.0,0.0,,,,0.0,0.0,,,,,,,0.0,,
ZMB,ZAMBIA,0.0,0.0,0.0,0.0,0.0,0.0,0.0,0.0,0.0,0.0,0.0,,0.0,0.0,0.0,2.07E7,,0.0,0.0,,,0.0,0.0,0.0,0.0,,0.0,0.0,,,0.0,0.0,0.0,,0.0,200000.0,,,,,,,,0.0,,,,,,,,,,,,,,,,,,,,
ZWE,ZIMBABWE,0.0,0.0,0.0,0.0,0.0,0.0,1200000.0,0.0,0.0,0.0,2.0E8,0.0,3600000.0,7.29E7,0.0,0.0,,0.0,0.0,,,0.0,0.0,5.0E7,0.0,,,,,,0.0,0.0,1000000.0,,,,,,0.0,,,,,,,,,,,,,,,,,,,,,,,,,
