Country code,Country name,2013,2012,2011,2010,2009,2008,2007,2006,2005,2004,2003,2002,2001,2000,1999,1998,1997,1996,1995,1994,1993,1992,1991,1990,1989,1988,1987,1986,1985,1984,1983,1982,1981,1980,1979,1978,1977,1976,1975,1974,1973,1972,1971,1970,1969,1968,1967,1966,1965,1964,1963,1962,1961,1960,1959,1958,1957,1956,1955,1954,1953,1952,1951,1950,1949,1948,1947,1946,1945,1944,1943,1942,1941,1940,1939,1938,1937,1936,1935,1934,1933,1932,1931,1930,1929,1928,1927,1926,1925,1924,1923,1922,1921,1920,1919,1918,1917,1916,1915,1914,1913,1912,1911,1910,1909,1908,1907,1906,1905,1904,1903,1902,1901,1900
AFG,AFGHANISTAN,2130.0,2680.0,9700.0,1000.0,3250.0,180.0,3480.0,8210.0,7775.0,2700.0,4250.0,10000.0,250.0,0.0,31275.0,45000.0,750.0,750.0,7610.0,0.0,1000.0,0.0,9400.0,0.0,0.0,0.0,0.0,,,0.0,6580.0,0.0,,0.0,,7500.0,,0.0,,,,0.0,0.0,,0.0,,,,,0.0,0.0,,,,,,,0.0,,0.0,,,,,,,,,,,,,,,,,,,,,,,,,,,,,,,,,,,,,,,,,,,,,,,,,,,,,,
AGO,ANGOLA,0.0,0.0,100.0,78875.0,5065.0,0.0,6000.0,225.0,10000.0,1700.0,825.0,0.0,0.0,9000.0,0.0,0.0,0.0,,0.0,0.0,,0.0,0.0,0.0,0.0,0.0,0.0,,0.0,,0.0,,0.0,,,,,,,,,,,,,,,,,,,,,,,,,,,,,,,,,,,,,,,,,,,,,,,,,,,,,,,,,,,,,,,,,,,,,,,,,,,,,,,,,
AIA,ANGUILLA,,,,,,,,,,,,,,,0.0,,,,,,,,,,,,,,,0.0,0.0,,,,0.0,,,,0.0,,,,,,,,,,,,,,,1000.0,,,,,0.0,,,,,,,,,,,,,,,,,,,,,,,,,,,,,,,,0.0,0.0,0.0,0.0,0.0,,,,,,,,,,,,,,,,,,,
ALB,ALBANIA,,0.0,,0.0,150.0,0.0,75.0,,0.0,0.0,,0.0,,,,0.0,0.0,0.0,0.0,,,0.0,0.0,,0.0,0.0,,,1340.0,,,5000.0,,,0.0,,,,,,,,,,,,0.0,,,,,,,,,,,,,,,,,,,,,,,,,,,,,,,,,,,,,,,,,,,,,,,,,,,,,,,,,,,,,,,,,,,
ARE,UNITED ARAB EMIRATES,0.0,,,0.0,,0.0,,,,0.0,,0.0,0.0,,0.0,,0.0,,,,0.0,,,,,,,,,,0.0,,,,,,,,,,,,,0.0,,,,,,,,,,,,,,,,,,,,,,,,,,,,,,,,,,,,,,,,,,,,,,,,,,,,,,,,,,,,,,,,,,,,,,
ARG,ARGENTINA,0.0,2000.0,0.0,0.0,0.0,0.0,5000.0,0.0,200.0,0.0,20000.0,200.0,2000.0,8230.0,0.0,0.0,0.0,,0.0,0.0,4000.0,88074.0,1200.0,0.0,,0.0,750.0,60000.0,56000.0,0.0,250000.0,0.0,0.0,0.0,0.0,0.0,40000.0,,0.0,0.0,0.0,0.0,,0.0,,0.0,70000.0,0.0,0.0,,,,,,,0.0,,,,,,,,,0.0,,,,,0.0,,,,,,,,,,,,,,,,,,,,,,,,,,,,,,,,,,,,,,,,,,,,
ARM,ARMENIA,0.0,,,,,,,,,0.0,,,,0.0,,144.0,0.0,,,250.0,0.0,0.0,,,,,,,,,,,,,,,,,,,,,,,,,,,,,,,,,,,,,,,,,,,,,,,,,,,,,,,,,,,,,,,,,,,,,,,,,,,,,,,,,,,,,,,,,,,,
ASM,AMERICAN SAMOA,,,,,0.0,,,,0.0,3000.0,0.0,,,,,,,,,,,,,,0.0,,,,0.0,,,,,,,,,,,,,,,,,,,0.0,,,,,,,,,,,,,,,,,,,,,,,,,,,,,,,,,,,,,,,,,,,,,,,,,,,,,,,,,,,,,,,,,,
ATG,ANTIGUA AND BARBUDA,,,,0.0,,0.0,,,,,,,,,1439.0,2000.0,,,3537.0,,,,,0.0,530.0,,,,,,0.0,,,,,,,,,,,,,,,,,0.0,,,,,,0.0,,,,,,,,,,0.0,,,,,,,,,,,,,,,,,,,,,,,,,,,,,,,,,,,,,,,,,,,,,,,,,,
AUS,AUSTRALIA,0.0,0.0,0.0,0.0,0.0,0.0,90.0,7141.0,0.0,0.0,30.0,249.0,0.0,0.0,672.0,0.0,0.0,1766.0,200.0,1340.0,5545.0,0.0,18.0,0.0,0.0,0.0,,1000.0,0.0,0.0,11000.0,0.0,0.0,0.0,0.0,0.0,0.0,0.0,36.0,0.0,1000.0,,0.0,0.0,,1200.0,0.0,,,,,,,,,,,,0.0,,,,,,,,,,,2100.0,,0.0,,0.0,3900.0,0.0,,,,0.0,,,,,,,,,,,,,,,,,,,,,,,,,,,,,,,,,,
AUT,AUSTRIA,0.0,0.0,,,0.0,0.0,0.0,0.0,0.0,,0.0,0.0,,0.0,0.0,0.0,0.0,0.0,0.0,0.0,0.0,,0.0,0.0,0.0,,,,0.0,0.0,0.0,0.0,0.0,0.0,,,,0.0,0.0,,,,,,,,,,,,,,,,,,,,,0.0,,0.0,,,,,,,,,,,,,,,,,,,,,,,,,,,,,,,,,,,,,,,,,,,,,,,,,,,,
AZE,AZERBAIJAN,,6949.0,,0.0,0.0,,0.0,,0.0,,1500.0,0.0,,0.0,8400.0,0.0,0.0,,156000.0,0.0,,0.0,,,,,,,,,,,,,,,,,,,,,,,,,,,,,,,,,,,,,,,,,,,,,,,,,,,,,,,,,,,,,,,,,,,,,,,,,,,,,,,,,,,,,,,,,,,,
BDI,BURUNDI,,,0.0,1500.0,0.0,0.0,23000.0,9305.0,5000.0,25620.0,0.0,0.0,0.0,500.0,0.0,,0.0,,,,,0.0,,,0.0,,,,,,,,,,,0.0,,,,,,,,,,,,,,,,,,,,,,,,,,,,,,,,,,,,,,,,,,,,,,,,,,,,,,,,,,,,,,,,,,,,,,,,,,,,,,
BEL,BELGIUM,,0.0,0.0,0.0,,0.0,0.0,0.0,0.0,0.0,0.0,0.0,,,0.0,0.0,0.0,0.0,0.0,0.0,0.0,0.0,0.0,0.0,0.0,,0.0,,0.0,0.0,0.0,0.0,,,,,0.0,0.0,,0.0,,0.0,0.0,0.0,0.0,,0.0,0.0,0.0,0.0,0.0,0.0,0.0,,,0.0,,0.0,0.0,0.0,0.0,0.0,,0.0,,,0.0,0.0,0.0,,,0.0,0.0,0.0,0.0,,0.0,0.0,0.0,0.0,0.0,0.0,0.0,0.0,0.0,0.0,0.0,0.0,,0.0,0.0,0.0,0.0,0.0,,,0.0,,,,,,,,,0.0,,0.0,0.0,0.0,,,0.0,
BEN,BENIN,0.0,0.0,0.0,150000.0,0.0,996.0,884.0,0.0,0.0,,0.0,0.0,0.0,0.0,10469.0,20000.0,0.0,826.0,8000.0,20000.0,,,0.0,,0.0,16000.0,0.0,,130000.0,0.0,,80000.0,,0.0,,3000.0,,0.0,,,,,,0.0,0.0,,,,,,,,,,,,,,,,,,,,,,,,,,,,,,,,,,,,,,,,,,,,,,,,,,,,,,,,,,,,,,,,,,,,,
BFA,BURKINA FASO,,21000.0,0.0,0.0,0.0,4292.0,28000.0,10000.0,0.0,0.0,12120.0,,0.0,,760.0,0.0,0.0,0.0,0.0,0.0,,,0.0,0.0,,10000.0,0.0,0.0,572.0,0.0,0.0,,0.0,0.0,0.0,,900.0,0.0,,,,,,,0.0,,,0.0,,,,,,,,,,,,,,,,,,,,,,,,,,0.0,,,,,,,,,,,,,,,,,,,,,,,,,,,,,,0.0,,,,,,,,,,
BGD,BANGLADESH,0.0,55000.0,0.0,0.0,0.0,35638.0,225.0,9900.0,21500.0,17000.0,0.0,21000.0,0.0,85500.0,139000.0,0.0,1100000.0,0.0,482000.0,275000.0,180000.0,85000.0,500000.0,4000.0,0.0,2000000.0,0.0,420000.0,510000.0,0.0,100000.0,25000.0,25000.0,0.0,0.0,0.0,0.0,0.0,,2000000.0,10000.0,0.0,0.0,0.0,23943.0,878724.0,0.0,300000.0,5000000.0,0.0,0.0,,0.0,0.0,,0.0,,,,,,,0.0,,,,0.0,,,,0.0,0.0,0.0,,,,0.0,,,,,,,,,,,0.0,,,25000.0,0.0,,,0.0,0.0,,,,,,,0.0,,0.0,,,,,0.0,,,,
BGR,BULGARIA,,0.0,,0.0,0.0,0.0,0.0,0.0,0.0,,,0.0,0.0,150.0,850.0,0.0,0.0,0.0,,,0.0,,,0.0,0.0,0.0,,3000.0,,0.0,0.0,,0.0,,,,0.0,,,,,,,,,,,,0.0,,,,,,,,,,,,,,,,,,,,,,,,,,,,,,,,,,,,,0.0,,,,,,,,,,,,0.0,,,,,,,,,,,,,,,,
BHR,BAHRAIN,0.0,0.0,,,,,,0.0,,,,,,0.0,,,,,,,,,,0.0,,,,,,,,,,,,0.0,,,,,,,,,,,,,,,,,,,,,,,,,,,,,,,,,,,,,,,,,,,,,,,,,,,,,,,,,,,,,,,,,,,,,,,,,,,,,,
BHS,BAHAMAS,,0.0,0.0,,,0.0,0.0,,0.0,0.0,,,0.0,,0.0,,,,0.0,,,1700.0,,0.0,,0.0,,,0.0,,,,,,,,,,,,,,,,,,,0.0,0.0,,0.0,,,,,,,,,,,,,,,,,,0.0,,,,,,,,,,0.0,,,,,,0.0,,,0.0,,,,,,,,,,,,,,,,,,,,,,,,,,
BIH,BOSNIA AND HERZEGOWINA,,0.0,,0.0,0.0,0.0,0.0,,0.0,0.0,0.0,,0.0,0.0,90.0,,0.0,,,,,,,,,,,,,,,,,,,,,,,,,,,,,,,,,,,,,,,,,,,,,,,,,,,,,,,,,,,,,,,,,,,,,,,,,,,,,,,,,,,,,,,,,,,,,,,,,
BLR,BELARUS,0.0,0.0,,,,,0.0,,0.0,,0.0,,,0.0,0.0,,300.0,0.0,0.0,,0.0,,,,,,,,,,,,,,,,,,,,,,,,,,,,,,,,,,,,,,,,,,,,,,,,,,,,,,,,,,,,,,,,,,,,,,,,,,,,,,0.0,,,,,,,,,,,,,,,
BLZ,BELIZE,,,,0.0,,0.0,0.0,,0.0,,,,0.0,0.0,,0.0,0.0,,0.0,,,,,0.0,,,,,,,,0.0,,,0.0,0.0,,,,0.0,,,,,,,,,,,,,0.0,,,,,,0.0,,,,,,,,,,,,,,,,,,,,,,,,0.0,,,,,,,,,,,,,,,,,,,,,,,,,,,,,,,
BMU,BERMUDA,,,,,,,,,,,0.0,,,0.0,,,,,,,,,,,0.0,,0.0,0.0,0.0,,,,,,,,,,,,,,,,,,,,,,,,,,,,,,,,,,,,,0.0,,,,,,,,,,,,,,,,,,,,,,,,,,,,,,,,,,,,,,,,,,,,,,,,
BOL,BOLIVIA,0.0,0.0,0.0,300.0,0.0,0.0,0.0,0.0,0.0,0.0,10300.0,0.0,0.0,0.0,3400.0,6900.0,0.0,0.0,,0.0,0.0,40500.0,0.0,0.0,0.0,0.0,0.0,50000.0,475.0,0.0,0.0,0.0,,0.0,,15000.0,20000.0,0.0,,0.0,,,,,0.0,6000.0,,0.0,0.0,,,,,,,,,,,,,,,,,,,,,,,,,,,,,0.0,,,,,,,,,,,,,,,,,,,,,,,,,,,,,,,,,,,,
BRA,BRAZIL,0.0,0.0,30000.0,13000.0,2950.0,3035.0,0.0,0.0,10340.0,2200.0,187410.0,3000.0,12500.0,213000.0,0.0,10500.0,62000.0,7000.0,35800.0,2000.0,0.0,1500.0,600.0,0.0,333944.0,20000.0,0.0,14500.0,4000.0,31500.0,8000.0,0.0,0.0,0.0,0.0,0.0,50000.0,,80000.0,0.0,0.0,0.0,0.0,0.0,17384.0,0.0,15400.0,29000.0,40000.0,0.0,0.0,,0.0,,0.0,,0.0,0.0,,,,,,,0.0,0.0,,,,0.0,0.0,,,,0.0,,,,,,,,,,,0.0,,,,,,,,,,,,,,,,,,,,,,,,,,,,
BRB,BARBADOS,,,,0.0,,,0.0,,,880.0,,2000.0,,,,,,,0.0,,,,,0.0,,,230.0,,,100.0,,,,5000.0,,,,,,,,,,0.0,,,,,,,,,,,,,,,0.0,,,,,,,,,,,,,,,,,,,,,,,,,,,,,,,,,,,,,,,,,,,,,,,,,,,,,,,
BRN,BRUNEI DARUSSALAM,,,,,,,,,,,,,,,,0.0,,,,,,,,,,,,,,,,,,,,,,,,,,,,,,,,,,,,,,,,,,,,,,,,,,,,,,,,,,,,,,,,,,,,,,,,,,,,,,,,,,,,,,,,,,,,,,,,,,
BTN,BHUTAN,,,0.0,,0.0,,,,,0.0,,,,1000.0,0.0,,,,,0.0,,0.0,,,,,,,0.0,,,,,,,,,,,,,,,,,,,,,,,,,,,,,,,,,,,,,,,,,,,,,,,,,,,,,,,,,,,,,,,,,,,,,,,,,,,,,,,,,,,,,
BWA,BOTSWANA,0.0,,0.0,,0.0,0.0,,0.0,0.0,0.0,,,,32000.0,,,,,2000.0,,,,,0.0,,0.0,,0.0,,,,,0.0,,,,,,,,,0.0,,0.0,,0.0,,,0.0,,,,,,,,,,,,,,,,,,,,,,,,,,,,,,,,,,,,,,,,,,,,,,,,,,,,,,,,,,,,,,,,,
CAF,CENTRAL AFRICAN REPUBLIC,0.0,3870.0,0.0,0.0,14835.0,795.0,1812.0,0.0,23798.0,12698.0,240.0,750.0,3000.0,0.0,25919.0,9200.0,,1500.0,1957.0,,,0.0,,,,,,0.0,,,0.0,,900.0,,,,,,,,0.0,,,,,,,,,,,,,,,,,,,,,,,,,,,,,,,,,,,,,,,,,,,,,,,,,,,,,,,,,,,,,,,,,,,,,,,,,
CAN,CANADA,0.0,0.0,7000.0,0.0,0.0,0.0,0.0,0.0,0.0,0.0,0.0,300.0,30.0,700.0,200.0,0.0,0.0,12000.0,0.0,0.0,0.0,0.0,0.0,0.0,0.0,0.0,0.0,0.0,800.0,0.0,0.0,0.0,0.0,0.0,0.0,0.0,0.0,0.0,300.0,0.0,,0.0,1500.0,0.0,0.0,,,0.0,0.0,,0.0,0.0,0.0,,0.0,0.0,,0.0,2000.0,0.0,0.0,0.0,,0.0,0.0,,0.0,0.0,,,0.0,0.0,0.0,,,200.0,,0.0,,,,,0.0,,,0.0,0.0,,,,,11000.0,,,,0.0,6000.0,8000.0,0.0,0.0,0.0,2500.0,200.0,0.0,,0.0,0.0,,0.0,,0.0,,,
CHE,SWITZERLAND,0.0,0.0,0.0,0.0,0.0,,0.0,0.0,0.0,,0.0,0.0,0.0,0.0,0.0,0.0,0.0,,0.0,0.0,0.0,,0.0,0.0,,0.0,0.0,0.0,0.0,0.0,0.0,0.0,,,,,0.0,0.0,0.0,,,0.0,0.0,0.0,,0.0,,,0.0,,,,,,,,,,,,,,0.0,,,,,,,,,,,,,0.0,,,0.0,,,,,,,,,,,,,,,,,,,,,,,,,,,,,,,,,,,
CHL,CHILE,0.0,0.0,1082.0,800000.0,0.0,23000.0,0.0,0.0,548.0,0.0,285.0,0.0,714.0,10401.0,1000.0,,24000.0,,575.0,0.0,1225.0,38000.0,18871.0,0.0,0.0,0.0,86000.0,0.0,500000.0,119994.0,0.0,0.0,,,0.0,0.0,16800.0,,,0.0,,,0.0,,,0.0,,0.0,25000.0,0.0,0.0,,0.0,0.0,,0.0,,,,,0.0,,,,0.0,0.0,,0.0,,,0.0,0.0,,,0.0,,,,,,,,,,,0.0,,,,,,0.0,,,,,,,,,,,,,,,,0.0,,,,,,
CHN,CHINA,10540.0,48618.0,308425.0,356625.0,158450.0,414235.0,69855.0,631160.0,281085.0,684124.0,1805886.0,2348.0,854215.0,410124.0,2449985.0,2.84476E7,927294.0,6273870.0,1337196.0,6310000.0,185360.0,507400.0,4214100.0,517891.0,145115.0,437000.0,432400.0,810290.0,18000.0,0.0,16500.0,210000.0,200000.0,100.0,0.0,0.0,,0.0,0.0,0.0,,,,7880.0,0.0,,,0.0,0.0,0.0,,,,,0.0,,0.0,0.0,0.0,0.0,,,0.0,0.0,0.0,0.0,,,,,,0.0,,,0.0,0.0,0.0,,0.0,0.0,3600000.0,0.0,0.0,,,0.0,0.0,,0.0,,0.0,0.0,0.0,0.0,,0.0,0.0,0.0,0.0,,,0.0,0.0,0.0,0.0,,0.0,0.0,,,,,,
CIV,COTE D'IVOIRE,,0.0,0.0,0.0,10000.0,0.0,0.0,0.0,0.0,0.0,,0.0,0.0,0.0,0.0,0.0,0.0,0.0,0.0,0.0,0.0,,0.0,,0.0,,0.0,,,,,,,0.0,,,0.0,,,,,,,0.0,,,,,,,,,,,,,,,,,,,,,,,,,,,,,,,,,,,,,,,,,,,,,,,,,,,,,,,,,,,,,,,,,,,,,,
CMR,CAMEROON,,31980.0,0.0,4750.0,0.0,1000.0,10279.0,0.0,0.0,0.0,100.0,,1500.0,0.0,1510.0,0.0,0.0,0.0,0.0,0.0,0.0,0.0,200.0,0.0,0.0,0.0,0.0,0.0,,0.0,,,,,,,,,,,,,0.0,,,,,,,,,,,,,,,,,,,,,,,,,,,,,,,,,,,,,,,,,,,,,,,,,,,,,,,,,,,,,,,,,,,,,,,
COD,"CONGO, THE DRC",0.0,1010.0,2000.0,5730.0,125.0,500.0,0.0,3600.0,5386.0,0.0,21481.0,110000.0,0.0,0.0,13000.0,0.0,9506.0,0.0,0.0,50.0,,250.0,0.0,12000.0,0.0,,0.0,,,,0.0,,,,,0.0,60000.0,0.0,,,,,,,,168.0,,0.0,,,,,,,,,,,,,,,,,,0.0,,,,,,,,,,,,,,,,,,,,,,,,,,,,,,,,,,,,,,,,,,,,,,,,
COG,CONGO,,7500.0,0.0,0.0,,0.0,5000.0,5000.0,3500.0,0.0,0.0,48000.0,0.0,0.0,2000.0,0.0,0.0,,,0.0,0.0,0.0,0.0,0.0,,,,,,,0.0,,,,,,,,,,,,,,,,168.0,,,,,,,0.0,,,,,,,,0.0,,,,0.0,,,,,,,,,,,,,,,,,,,,,,,,,,,,,,,,,,,,,,,,,,,,,,,,
COK,COOK ISLANDS,,,,0.0,0.0,,,,0.0,,,,0.0,,,,0.0,,,,,0.0,,0.0,,,0.0,,,,,,0.0,,,,,,,,,,,,,,0.0,,,,,,,,,,,,,,,,,,,,,0.0,,,0.0,0.0,,,,,,,,,,,,,,,,,,,,,,,,,,,,,,,,,,,,,,,,,,
COL,COLOMBIA,0.0,8000.0,66.0,0.0,593.0,1700.0,2000.0,0.0,0.0,500.0,60.0,2000.0,7500.0,39000.0,506920.0,0.0,0.0,310.0,89250.0,33197.0,375.0,1500.0,295.0,0.0,0.0,0.0,0.0,0.0,0.0,0.0,500.0,0.0,0.0,0.0,2000.0,,100.0,0.0,,0.0,0.0,0.0,0.0,105000.0,0.0,63.0,0.0,3000.0,0.0,,,0.0,,,0.0,0.0,,0.0,,0.0,,,,40000.0,0.0,,,,,,,,,,,,,,0.0,,,,,,,,,0.0,,,,,,,,,,,,,,,,,,,,0.0,,,,,,
COM,COMOROS,0.0,0.0,0.0,,0.0,,0.0,0.0,0.0,,300.0,0.0,,,0.0,0.0,,0.0,,,,,200.0,,0.0,,50000.0,,0.0,,0.0,,0.0,,,,5000.0,,0.0,,,,,,,,,,,,,,,,,,,,,,,,0.0,,,,,,,,,,,,,,,,,,,,,,,,,,,,,,,,,,,,,,,,,,,,,,,,0.0,,,
CPV,CAPE VERDE,,,,,0.0,,0.0,,,0.0,,0.0,,,0.0,0.0,,,5000.0,0.0,,0.0,,,,0.0,,,,0.0,,0.0,,0.0,,,,,,,,,,,0.0,,,,,,,,,,,,,,,,,,,,,,,0.0,,,,,,0.0,,,,,,,,,,,,,,,,,,,,0.0,,,,,,,,,,0.0,,,,,,,,,,0.0
CRI,COSTA RICA,,0.0,0.0,0.0,0.0,0.0,0.0,,0.0,25.0,0.0,0.0,0.0,0.0,4621.0,1700.0,,0.0,4800.0,556.0,3450.0,0.0,23900.0,14000.0,,2500.0,,,,0.0,0.0,,,0.0,,,,0.0,0.0,,84.0,,,0.0,0.0,3280.0,,,,,0.0,,,,,,,,,,,,,,,,,,,,,,,,,,,,,,,,,,,,,,,,,,,,,,,,,,,,,0.0,,,,,,,,,,
CUB,CUBA,,75141.0,0.0,0.0,0.0,0.0,0.0,0.0,0.0,41500.0,0.0,0.0,0.0,0.0,26923.0,0.0,0.0,66681.0,0.0,42820.0,32000.0,0.0,0.0,6000.0,0.0,1500.0,0.0,0.0,22000.0,,0.0,75000.0,0.0,0.0,,0.0,0.0,0.0,,,,,,0.0,,0.0,,18000.0,,0.0,0.0,,,,,,,,,,,,,,,0.0,,,,0.0,,,,,,,,,0.0,,,0.0,,,,,,0.0,,,,,,,,,,,,,,,,,,,,,,,,,,
CYM,CAYMAN ISLANDS,,,,,,0.0,,,,0.0,,0.0,0.0,,,,,,,,,,,,,,,,,,,,,,,,,,,,,,,,,,,,,,,,,,,,,,,,,,,,,,,,,,,,,,,,,,,,,,,,,,,,,,,,,,,,,,,,,,,,,,,,,,,,,
CYP,CYPRUS,,,0.0,,,,0.0,,0.0,0.0,0.0,,,0.0,,0.0,,0.0,150.0,,,,0.0,,,,,,,,0.0,,,,,,,,,,,,,0.0,0.0,,,,,,,,,,,,,,,,0.0,,,,,,,,,,,,,,,,,,,,,,,,,,,,,,,,,,,,,,,,,,,,,,,,,,,,,
CZE,CZECH REPUBLIC,0.0,0.0,,0.0,0.0,0.0,0.0,0.0,0.0,,0.0,0.0,,0.0,,0.0,11973.0,0.0,0.0,,,,,,,,,,,,,,,,,,,,,,,,,,,,,,,,,,,,,,,,,,,,,,,,,,,,,,,,,,,,,,,,,,,,,,,,,,,,,,,,,,,,,,,,,,,,,,,
DEU,GERMANY,0.0,0.0,0.0,0.0,0.0,0.0,0.0,0.0,0.0,0.0,0.0,0.0,0.0,0.0,0.0,0.0,0.0,0.0,0.0,0.0,0.0,0.0,0.0,0.0,,,,,,,,,,,,,,,,,,,,,,,,,,,,,,,,,,,,,,,,,,,,0.0,,,,,,0.0,,0.0,0.0,0.0,0.0,0.0,,,,,,,,,,,,,0.0,,,0.0,0.0,0.0,0.0,,0.0,,,,,0.0,,,,,,,,
DJI,DJIBOUTI,,,,0.0,0.0,0.0,0.0,0.0,0.0,1500.0,,0.0,,0.0,0.0,0.0,0.0,0.0,0.0,20000.0,0.0,,,,0.0,0.0,,,,,0.0,,0.0,0.0,0.0,6000.0,6000.0,,,,,,,,,,,,,,,,,,,,,,,,,,,,,,,,,,,,,,,,,,,,,,,,,,,,,,,,,,,,,,,,,,,,,,,,,,,,,
DMA,DOMINICA,,,96.0,,,,0.0,,,0.0,,,0.0,,315.0,0.0,,,5000.0,,,,,,0.0,,,,,0.0,,,,0.0,0.0,,,,,,,,,0.0,,,,,,,0.0,,,,,,,,,,,,,,,,,,,,,,,,,,,,,,,,,0.0,,,,,,,,,,,,,,,,,,,,,,,,,,,,,,
DNK,DENMARK,,,,0.0,,,0.0,,0.0,60.0,,0.0,0.0,,0.0,,,,,,,0.0,0.0,0.0,0.0,,,,0.0,0.0,0.0,,0.0,0.0,,,,0.0,,,0.0,,,,,,,,,,,,,,,,,,,,,,,,,,,,,,,,,,,,,,,,,,,,,,,,,,,,,,,,0.0,,,,,,,,,,,,,,,,,
DOM,DOMINICAN REPUBLIC,,11500.0,0.0,0.0,0.0,0.0,0.0,,0.0,2092.0,0.0,0.0,0.0,,0.0,120000.0,,1000.0,2500.0,0.0,0.0,0.0,0.0,0.0,0.0,0.0,0.0,0.0,0.0,,0.0,,0.0,0.0,350000.0,0.0,,,,,,,,,,0.0,,5500.0,0.0,0.0,0.0,,,,,,,,,,,,,,,,,0.0,,,,,,,,,,,,,,,,0.0,,,,,,,,,,,,,,,,,,,,,,,,,,,,,,
DZA,ALGERIA,,0.0,0.0,0.0,2500.0,0.0,0.0,150.0,1750.0,0.0,200000.0,0.0,0.0,100.0,15700.0,,3000.0,0.0,0.0,30000.0,650.0,2250.0,0.0,0.0,0.0,200.0,0.0,,15000.0,1470.0,,0.0,0.0,443000.0,0.0,,,,,0.0,61000.0,,,,0.0,,0.0,15900.0,12000.0,0.0,0.0,,,1250.0,0.0,,,,,129250.0,,0.0,,,,,,0.0,,,,0.0,,,,,0.0,,,,,,,,,,0.0,,,,,,,,,,,,,,,,,0.0,,,,,,,,,,
ECU,ECUADOR,0.0,0.0,0.0,500.0,0.0,14122.0,0.0,0.0,,,0.0,3027.0,0.0,180.0,2200.0,1650.0,2009.0,15525.0,600.0,0.0,0.0,80000.0,0.0,0.0,0.0,0.0,150000.0,,0.0,0.0,0.0,0.0,,0.0,,,0.0,25000.0,0.0,,30000.0,,0.0,27992.0,0.0,,400.0,492.0,0.0,0.0,,,,,,,,,,,0.0,,,0.0,0.0,,,,,,,0.0,,,,,,,,,,,0.0,,,,,,,0.0,,,,,,,,,,,,,,,,,,0.0,,0.0,,,,
EGY,EGYPT,0.0,0.0,0.0,0.0,0.0,625.0,2000.0,0.0,0.0,0.0,0.0,750.0,335.0,0.0,0.0,0.0,0.0,0.0,3000.0,50000.0,0.0,25020.0,1800.0,0.0,0.0,0.0,0.0,0.0,0.0,0.0,0.0,0.0,,,0.0,,0.0,,0.0,0.0,,,,,,,,,,,,,,,,,,,0.0,0.0,,,,,,,0.0,,,,,,,,,,,,0.0,,,,,,,,,0.0,,,,,,,,,,,,,,,,,,,,,,,,,,
ERI,ERITREA,,,,,,0.0,,,0.0,0.0,0.0,,,,0.0,,,0.0,0.0,,15659.0,,,,,,,,,,,,,,,,,,,,,,,,,,,,,,,,,,,,,,,,,,,,,,,,,,,,,,,,,,,,,,,,,,,,,,,,,,,,,,,,,,,,,,,,,,,,,
ESP,SPAIN,0.0,0.0,15000.0,0.0,0.0,0.0,0.0,0.0,0.0,0.0,0.0,0.0,0.0,0.0,0.0,0.0,0.0,0.0,0.0,0.0,0.0,0.0,0.0,0.0,0.0,,0.0,,0.0,0.0,6000.0,0.0,0.0,0.0,0.0,0.0,,0.0,0.0,0.0,0.0,0.0,0.0,0.0,,,,,0.0,,,0.0,,,0.0,,0.0,0.0,,,0.0,,,,,,0.0,,,0.0,,,,,,,,,,,,,,,,,,,,,,,,,,,,,,,,0.0,,,,,,,,,,,,
EST,ESTONIA,,0.0,0.0,,,,,,0.0,,,,0.0,,,,,,,0.0,,,,,,,,,,,,,,,,,,,,,,,,,,,,,,,,,,,,,,,,,,,,,,,,,,,,,,,,,,,,,,,,,,,,,,,,,,,,,,,,,,,,,,,,,,,,,,
ETH,ETHIOPIA,0.0,0.0,0.0,0.0,0.0,810.0,0.0,0.0,0.0,0.0,0.0,0.0,0.0,715.0,125100.0,0.0,0.0,25000.0,2500.0,19.0,4800.0,0.0,50000.0,0.0,0.0,0.0,0.0,0.0,20000.0,,0.0,,0.0,0.0,,0.0,0.0,20000.0,,,0.0,,,0.0,420.0,6000.0,,,0.0,,,,0.0,,,,,,,,,,,,,,,,,,,,,,,,,,,,,,,,,,0.0,,,,,,0.0,,,,,,,0.0,0.0,,,,,,,0.0,,,,,,
FIN,FINLAND,,,,,,,,,0.0,0.0,,,,,,0.0,,,,,,,,0.0,,,,,,,,,,,,,,0.0,,,,,,,,,,,,,,,,,,,0.0,,,,,,,,,,,,,,,,,,,,,,,,,,,,,,,,,,,,,,,,,,,,,,,,,,,,,,,,,
FJI,FIJI,,0.0,,0.0,0.0,0.0,0.0,0.0,0.0,0.0,0.0,,0.0,0.0,1772.0,0.0,0.0,,,,10000.0,0.0,,3000.0,0.0,,0.0,0.0,0.0,,0.0,,0.0,7000.0,15000.0,0.0,,,0.0,,0.0,0.0,,,,,,,0.0,10000.0,,,,,,0.0,,,,,,0.0,,,,,,,,,,,0.0,,,,,,,,,,0.0,,,,,,,,,,,,,,,,,,,,,,,,,,,,,,,
FRA,FRANCE,0.0,0.0,0.0,0.0,0.0,600.0,0.0,0.0,0.0,0.0,0.0,0.0,0.0,200.0,266.0,0.0,0.0,0.0,0.0,0.0,0.0,0.0,0.0,0.0,0.0,0.0,0.0,0.0,0.0,0.0,0.0,0.0,0.0,0.0,0.0,0.0,0.0,0.0,,0.0,0.0,0.0,,0.0,0.0,0.0,0.0,0.0,,,,,,,0.0,0.0,,,,,,0.0,,,0.0,,,,,0.0,0.0,,0.0,,0.0,,,,,,0.0,,0.0,0.0,,,,,,,0.0,,,,,,0.0,,,,,,,,0.0,,,0.0,,,0.0,,,
FSM,"MICRONESIA, FEDERATED STATES OF",,,,,,0.0,,,,0.0,1000.0,175.0,,0.0,,0.0,,,,,,,,,,,200.0,,,,,,,,,,,,,,,,,,,,,,,,,,,,,,,,,,,,,,,,,,,,,,,,,,,,,,,,,,,,,,,,,,,,,,,,,,,,,,,,,,,,,,,
GAB,GABON,0.0,0.0,0.0,0.0,800.0,0.0,0.0,,,0.0,0.0,0.0,0.0,,,,,0.0,,0.0,0.0,,0.0,,,0.0,,,,,,,,,,,,,,,,,,,,,,,,,,,,,,,,,,,,,,,,,,,,,,,,,,,,,,,,,,,,,,,,,,,,,,,,,,,,,,,,,,,,,,,,
GBR,UNITED KINGDOM,,0.0,,0.0,0.0,0.0,30000.0,,0.0,0.0,0.0,0.0,0.0,0.0,0.0,0.0,0.0,1.0,0.0,0.0,0.0,0.0,1400.0,0.0,0.0,0.0,0.0,0.0,0.0,0.0,0.0,0.0,0.0,0.0,,0.0,0.0,0.0,0.0,0.0,0.0,0.0,0.0,,,0.0,0.0,0.0,0.0,,,0.0,,,,0.0,0.0,,0.0,,,0.0,0.0,,,0.0,0.0,0.0,,0.0,,0.0,0.0,,0.0,0.0,,0.0,0.0,,0.0,,,,,,,,,,,,0.0,,,,,0.0,0.0,,0.0,0.0,,,,,,0.0,,,,,,
GEO,GEORGIA,0.0,6000.0,0.0,,0.0,,,0.0,0.0,90.0,,1086.0,0.0,0.0,0.0,,200.0,0.0,0.0,0.0,0.0,0.0,1350.0,0.0,,,,,,,,,,,,,,,,,,,,,,,,,,,,,,,,,,,,,,,,,,,,,,,,,,,,,,,,,,,,,,,,,,,,,,,,,,,,,,,,,,,,,,,,,,
GHA,GHANA,0.0,0.0,0.0,0.0,0.0,0.0,0.0,0.0,0.0,0.0,,0.0,5000.0,0.0,33000.0,0.0,0.0,0.0,200000.0,,0.0,,0.0,0.0,0.0,0.0,,,0.0,0.0,,,,0.0,,0.0,0.0,,,,,,0.0,,,0.0,,,,,,,,,,,,,,,,,,,,,,,,,,,,,0.0,,,,,,,,,,,,,,,,,,,,,,,,,,,,,,,,,,,,,,,
GIN,GUINEA,0.0,0.0,4000.0,0.0,0.0,0.0,0.0,0.0,0.0,777.0,0.0,0.0,0.0,0.0,0.0,0.0,,,0.0,0.0,0.0,0.0,,,0.0,,0.0,,,,0.0,,0.0,0.0,,,,,,,,,,,,,,,,,,,,,,,,,,,,,,,,,,,,,,,,,,,,,,,,,,,,,,,,,,,,,,,,,,,,,,,,,,,,,,,,
GLP,GUADELOUPE,,,,0.0,,,0.0,,,40.0,,,0.0,,450.0,0.0,,,0.0,,,,,0.0,11000.0,0.0,,,,,,,,,0.0,,,0.0,,,,,,0.0,,0.0,,0.0,,0.0,,,,,,,,0.0,,,,,,,,,,,,,,,,,,,,,,,,,,,,0.0,,,,,,,,,,,,,,,,,,,,,,,,,,,,
GMB,GAMBIA,0.0,0.0,,0.0,0.0,400.0,0.0,,,0.0,0.0,0.0,0.0,0.0,5000.0,0.0,0.0,0.0,,,,0.0,,,,0.0,0.0,0.0,,,,,,0.0,,0.0,0.0,0.0,,,5000.0,,,,0.0,0.0,,,,,,,,,,,,,,,,,,,,,,,,,,,,0.0,,0.0,,,,,,,,,,,,,,,,,,,,,,,,,,,,0.0,,,,,,,,,,
GNB,GUINEA-BISSAU,,0.0,,0.0,0.0,750.0,0.0,0.0,0.0,1000.0,0.0,0.0,,,0.0,300.0,0.0,0.0,0.0,0.0,0.0,0.0,,,0.0,,3700.0,0.0,,,,,,0.0,,0.0,,,,,,,,,0.0,,,,,,,,,,,,,,,,,,,,,,,,,,,,,0.0,,,,,,,,,,,,,,,,,,,,,,,,,,,,,,0.0,,,,,,,,,,
GNQ,EQUATORIAL GUINEA,,,,250.0,,0.0,,750.0,650.0,2650.0,0.0,500.0,250.0,100.0,,,,,,,,,,,,,0.0,,,,,,,,,,,,,,,,,,,,,,,,,,,,,,,,,,,,,,,,,,,,,,,,,,,,,,,,,,,,,,,,,,,,,,,,,,,,,,,,,,,,,,,
GRC,GREECE,,0.0,0.0,0.0,325.0,0.0,3735.0,0.0,0.0,0.0,0.0,0.0,0.0,90.0,108.0,300.0,0.0,0.0,6300.0,0.0,0.0,,0.0,0.0,0.0,0.0,0.0,0.0,0.0,0.0,0.0,,0.0,0.0,0.0,0.0,0.0,,,,,0.0,,,,3600.0,0.0,0.0,0.0,,,,0.0,,,,,0.0,,0.0,0.0,,,,,,,,,0.0,,,,,,,,,,,,,,0.0,,0.0,,,,,,,,,,,,,,,,,,,,,,,,,,,,
GRD,GRENADA,,,,0.0,,,,,0.0,0.0,,,,,0.0,,,,,,,,,0.0,,,,,,,,,,0.0,,,,,0.0,,,,,,,,,,,,0.0,,,,,,,,,,,,,,,,,,,,,,,,,,,,,,,,,,,,,,,,,,,,,,,,,,,,,,,,,,,,,,,
GTM,GUATEMALA,0.0,0.0,0.0,50640.0,991.0,0.0,0.0,0.0,0.0,0.0,0.0,460.0,0.0,250.0,3775.0,0.0,0.0,0.0,280.0,0.0,,0.0,0.0,0.0,0.0,1550.0,0.0,0.0,3500.0,0.0,0.0,0.0,,,0.0,,,1166000.0,,,0.0,,,,0.0,130.0,,,,,,,,0.0,,,,,,,,,,,0.0,,,,,,,,,,,,,,,,,,,,0.0,,,,,,,,,,,,0.0,,,,,,,,,,,,,,,0.0,,
GUF,FRENCH GUIANA,,,,,,,,,,,,,,,,,,70000.0,,,,,,,,,,,,,,,,,,,,,,,,,,,,,,,,,,,,,,,,,,,,,,,,,,,,,,,,,,,,,,,,,,,,,,,,,,,,,,,,,,,,,,,,,,,,,,,,
GUM,GUAM,,,,,,,,,,0.0,,5100.0,,,,,5000.0,,,,0.0,5000.0,,,,,502.0,,,,,,,,,,,0.0,,,,,,,,,,,,,,0.0,,,,,,,,,,,,,,,,,,,,,,,,,,,,,,,,,,,,,,,,,,,,,,,,,,,,,,,,,,,,,,
GUY,GUYANA,,,,0.0,,0.0,,0.0,0.0,,,,,0.0,,,0.0,10000.0,0.0,,,,,,0.0,0.0,,,,,,,,,0.0,0.0,,,,,,,0.0,,,,,,,,,,,,,,,,,,,,,,,,,,,,,,,,,,,,,,,,,,,,,,,,,,,,,,,,,,,,,,,,,,,,,,,
HKG,HONG KONG,,0.0,,0.0,0.0,0.0,,,0.0,,0.0,0.0,,300.0,0.0,,0.0,0.0,0.0,0.0,119.0,320.0,0.0,0.0,1691.0,0.0,0.0,0.0,0.0,4650.0,11766.0,12700.0,0.0,0.0,1096.0,418.0,131.0,2424.0,1430.0,0.0,0.0,13855.0,1000.0,368.0,0.0,0.0,0.0,2672.0,200.0,0.0,,0.0,1171.0,0.0,0.0,,0.0,,,,,,,,,0.0,0.0,,,,,,,,,,0.0,,,,,,,,,,,,,,0.0,,,,,,,,,,,,,,,,,0.0,,,,,,
HND,HONDURAS,,0.0,0.0,7998.0,0.0,0.0,1865.0,0.0,800.0,0.0,0.0,144.0,25270.0,0.0,3000.0,0.0,0.0,0.0,0.0,15500.0,0.0,,,6000.0,0.0,925.0,,0.0,0.0,0.0,,0.0,0.0,0.0,0.0,7500.0,,0.0,,0.0,0.0,0.0,0.0,,0.0,,,,0.0,,,,0.0,,,,,,,,,,,,,,,,,,,,,,,,,,0.0,,,,0.0,,,,,,,,,,,,,,,,0.0,,,,,,,,,,,,,,,
HRV,CROATIA (LOCAL NAME: HRVATSKA),,0.0,,0.0,,0.0,0.0,0.0,0.0,,0.0,0.0,0.0,0.0,,,0.0,2000.0,,,,0.0,,,,,,,,,,,,,,,,,,,,,,,,,,,,,,,,,,,,,,,,,,,,,,,,,,,,,,,,,,,,,,,,,,,,,,,,,,,,,,,,,,,,,,,,,,,,
HTI,HAITI,33265.0,33330.0,540.0,0.0,9910.0,30.0,16109.0,0.0,185.0,16548.0,12470.0,0.0,0.0,1200.0,50.0,0.0,0.0,115.0,0.0,87000.0,0.0,0.0,,0.0,1000.0,700.0,355.0,13200.0,,,,,,835000.0,0.0,,0.0,,,0.0,,0.0,,,,0.0,,0.0,,0.0,0.0,0.0,,,0.0,,,,,0.0,,0.0,,,,,,,,,,,,,,,,,0.0,,,,,,,,,,,,,,,,,,,,0.0,,,,,,0.0,,,,,,,,,
HUN,HUNGARY,0.0,0.0,0.0,7120.0,,0.0,0.0,0.0,0.0,9.0,0.0,0.0,0.0,0.0,2054.0,,0.0,200.0,0.0,0.0,,0.0,,,,,,0.0,,0.0,,,,,,,,,,,,,,0.0,,,,,,,,,,,,,,,,,,,,,,,,,,,,,0.0,,,,,,,,,,,,,,,,,,,,,,,,,,,,,,,,,,,,,,,,,
IDN,INDONESIA,0.0,3845.0,10095.0,4830.0,0.0,2920.0,46675.0,720365.0,0.0,535398.0,140.0,500.0,29600.0,61145.0,2700.0,27750.0,0.0,18090.0,45685.0,11330.0,0.0,104345.0,1000.0,0.0,5500.0,2500.0,1800.0,50000.0,0.0,20000.0,0.0,2000.0,11000.0,3800.0,32000.0,15000.0,0.0,0.0,,0.0,0.0,0.0,,0.0,0.0,0.0,48290.0,0.0,0.0,,0.0,,,,,0.0,,0.0,0.0,0.0,0.0,,0.0,,,,,,,,0.0,0.0,,,,4710.0,,0.0,,,,2960.0,0.0,0.0,,0.0,0.0,,,11250.0,,,,,0.0,,0.0,,,0.0,,,,,0.0,,0.0,,,,,,,
IND,INDIA,0.0,0.0,325000.0,907000.0,4000.0,2400000.0,0.0,4153000.0,464000.0,105250.0,238845.0,5200.0,1792000.0,252000.0,810500.0,0.0,32000.0,100000.0,1117285.0,62500.0,120000.0,500.0,400000.0,2000.0,2000.0,0.0,1500.0,2850000.0,450000.0,10000.0,14000.0,0.0,0.0,0.0,10000.0,0.0,5432400.0,0.0,7002000.0,0.0,0.0,0.0,2000000.0,352000.0,0.0,0.0,0.0,0.0,0.0,0.0,0.0,0.0,2000.0,0.0,0.0,0.0,0.0,77000.0,375000.0,0.0,0.0,0.0,,0.0,0.0,0.0,0.0,0.0,2000.0,0.0,0.0,0.0,,,,,0.0,0.0,0.0,0.0,,,,,,2000.0,0.0,0.0,0.0,0.0,,,,0.0,,,,0.0,,,,,,0.0,,0.0,0.0,,0.0,,,,,0.0
IRL,IRELAND,,,0.0,,0.0,,,,0.0,0.0,,0.0,,0.0,0.0,0.0,,0.0,,0.0,0.0,,0.0,0.0,,,0.0,0.0,0.0,,0.0,,0.0,,0.0,,,,,,,,,,,,,,,,,,,,,,,,,,,,,,,,,,,,0.0,,,,,,,,,,,,,,,,,,,,,,,,,,,,,,,,,,,,,,,,,,,
IRN,IRAN (ISLAMIC REPUBLIC OF),4000.0,0.0,0.0,3500.0,0.0,0.0,0.0,0.0,1750.0,4000.0,67130.0,4500.0,0.0,6000.0,4070.0,16000.0,64000.0,2000.0,250.0,0.0,15000.0,6500.0,15000.0,106310.0,200.0,0.0,0.0,0.0,0.0,,375.0,,0.0,150000.0,0.0,0.0,0.0,0.0,0.0,,,0.0,,0.0,0.0,0.0,,0.0,0.0,0.0,,0.0,0.0,0.0,,0.0,0.0,0.0,,0.0,0.0,,0.0,0.0,,0.0,0.0,,,,,,,,,,,,,,,,,0.0,0.0,,,,,,,,,,,,,,,,,,,,0.0,,,,,,,,,
IRQ,IRAQ,,0.0,2000.0,0.0,0.0,600.0,0.0,0.0,0.0,0.0,0.0,,,0.0,,0.0,0.0,,0.0,0.0,,,500.0,,0.0,0.0,,,,,,,,0.0,,0.0,,,,,,0.0,,,0.0,0.0,60000.0,,,,,,,,,,,,,0.0,,,,,,,,,,,,,,,,,,,,,,,,,,,,,,,,,,,,,,,,,,,,,,,,,,,,,,
ISL,ICELAND,,,,0.0,,,,,,,,,,69.0,,,,0.0,0.0,,,,,,,0.0,,,,0.0,0.0,,,,,,,0.0,,0.0,0.0,,,,,,,,,,,,,,,,,,,,,,,,,,,,,,,,,,,,,,,,,,,,,,,,,,,,,,,,,,,,,,,,,,,,,,,,,
ISR,ISRAEL,,,,0.0,,0.0,,,0.0,,,,0.0,0.0,0.0,0.0,0.0,,0.0,,,0.0,0.0,0.0,,,,,0.0,,0.0,,,,,,,,,,,,,0.0,,,,,,,,,,,,,,,,,,,,,,,,,,,,,,,,,,,,,,,,,,,,,,,,,,,,,,,,,,,,,,,,,,,,,,
ITA,ITALY,0.0,14700.0,0.0,0.0,60100.0,0.0,0.0,0.0,0.0,0.0,0.0,9500.0,0.0,0.0,0.0,219.0,38000.0,0.0,0.0,10300.0,0.0,0.0,0.0,2500.0,0.0,0.0,0.0,0.0,0.0,4300.0,1000.0,0.0,0.0,0.0,5000.0,0.0,0.0,327000.0,0.0,,0.0,0.0,0.0,1650.0,,3000.0,,1300000.0,0.0,,0.0,,,0.0,,,,,0.0,5466.0,4000.0,,173500.0,,,0.0,,,,14000.0,,,,,0.0,0.0,,,0.0,,,,,0.0,,,,,,,,0.0,,0.0,,,,,0.0,,,,,,,0.0,,0.0,0.0,,,,,
JAM,JAMAICA,,0.0,,0.0,,0.0,1188.0,0.0,0.0,0.0,,0.0,200.0,0.0,,,,800.0,,0.0,82.0,,1340.0,0.0,,0.0,0.0,0.0,300.0,,,,0.0,0.0,50000.0,,0.0,,0.0,,0.0,,,,,0.0,,,,,0.0,,,,,,0.0,,,,,,0.0,,,,,,,2000.0,,,,2000.0,,,0.0,,0.0,,0.0,0.0,,,,,,,,,1300.0,,,,,,0.0,,,,,94820.0,,,0.0,,0.0,,,,0.0,,,0.0
JOR,JORDAN,0.0,,,,,0.0,,0.0,,0.0,0.0,0.0,0.0,0.0,0.0,,0.0,,,0.0,0.0,0.0,0.0,,0.0,,0.0,,,,,,0.0,,,,,,,,,,,,,,,2500.0,0.0,,0.0,,,,,,,,,,,,,,,,,,,,,,,,,,,,,,,,,,,,0.0,,,,,,,,,,,,,,,,,,,,,,,,,,,
JPN,JAPAN,0.0,0.0,0.0,0.0,0.0,0.0,40668.0,99.0,0.0,5800.0,219.0,0.0,12.0,312.0,327011.0,0.0,0.0,264.0,251301.0,0.0,1620.0,0.0,351.0,507.0,0.0,0.0,0.0,0.0,0.0,0.0,1100.0,145000.0,22500.0,2000.0,0.0,3000.0,8000.0,0.0,0.0,0.0,0.0,0.0,0.0,0.0,0.0,0.0,0.0,0.0,0.0,0.0,0.0,0.0,0.0,0.0,0.0,0.0,0.0,0.0,0.0,0.0,0.0,0.0,0.0,0.0,0.0,0.0,0.0,0.0,0.0,0.0,0.0,,0.0,,,0.0,,,,0.0,0.0,,,0.0,,,0.0,0.0,,,0.0,,,0.0,,,0.0,,,0.0,,0.0,,0.0,,,,,0.0,,,0.0,0.0,0.0
KAZ,KAZAKHSTAN,0.0,0.0,3762.0,5000.0,0.0,0.0,,0.0,0.0,0.0,0.0,,0.0,0.0,0.0,0.0,0.0,,0.0,0.0,0.0,,,,,,,,,,,,,,,,,,,,,,,,,,,,,,,,,,,,,,,,,,,,,,,,,,,,,,,,,,,,,,,,,,,,,,,,,,,,,,,,,,,,,,,,,,,,,
KEN,KENYA,0.0,0.0,14414.0,0.0,0.0,0.0,0.0,0.0,0.0,30000.0,0.0,0.0,0.0,0.0,0.0,200.0,10000.0,1000.0,,0.0,0.0,0.0,0.0,0.0,0.0,0.0,0.0,,,,0.0,0.0,,,0.0,,0.0,,0.0,0.0,,,0.0,,,0.0,,,0.0,0.0,,,,,,,,,,,,,,,,,,,,,,,,,,,,,,,,,,,,,,,,,,,,,,,,,,,,,,,,,,,,,,,,
KGZ,KYRGYZSTAN,,0.0,0.0,0.0,0.0,1055.0,0.0,50.0,2050.0,80.0,53.0,522.0,0.0,0.0,,7828.0,30.0,,0.0,13500.0,,32538.0,,,,,,,,,,,,,,,,,,,,,,,,,,,,,,,,,,,,,,,,,,,,,,,,,,,,,,,,,,,,,,,,,,,,,,,,,,,,,,,,,,,,,,,,,,,,
KHM,CAMBODIA,26500.0,0.0,0.0,0.0,0.0,,0.0,0.0,0.0,0.0,,0.0,20000.0,0.0,25805.0,0.0,0.0,0.0,,0.0,,0.0,250000.0,,,,0.0,,,,,,,,,,,,,0.0,,,,,,,,,,,,,,,,,,,,,,,,,,,,,,,,,,,,,,,,,,,,,,,,,,,,,,,,,,,,,,,,,,,,,,,,,,
KIR,KIRIBATI,,,,,,85.0,,,,,,,,,0.0,,,,,,,,,,,,,,,,,,,,,,0.0,,,,,0.0,,,,,,,,,,,,,,,,,,,,,,,,,,,,,,,,,,,,,,,,,,,,,,,,,,,,,,,,,,,,,,,,,,,,,,,,
KNA,SAINT KITTS AND NEVIS,,,,,,,,,,,,,,,100.0,0.0,,,0.0,,,,,0.0,1300.0,,0.0,,,0.0,,,,,,,,,,,,,,,,,,,,,,,,,,,,,0.0,,,,,,,,,,,,,,,,,,,,,,,,,,,0.0,,,,,,,,,,,,,,,,,,,,,,,,,,,,
KOR,"KOREA, REPUBLIC OF",,0.0,2000.0,0.0,0.0,0.0,600.0,0.0,1840.0,3077.0,15000.0,0.0,0.0,4137.0,6314.0,123376.0,115.0,28500.0,2600.0,422.0,8496.0,181.0,1500.0,0.0,0.0,0.0,154000.0,0.0,0.0,0.0,,0.0,0.0,0.0,0.0,0.0,0.0,0.0,,0.0,,326000.0,0.0,0.0,0.0,0.0,0.0,65630.0,23214.0,43000.0,0.0,0.0,0.0,,0.0,,0.0,0.0,,0.0,0.0,,,,,,,,,,,,,,,,,0.0,,,,,,,,,,,,,,,,,,,,,,,,,,,,,,,,,,,,
KWT,KUWAIT,,,,,0.0,,,,,,,0.0,,,,,0.0,,,,,,,,,,,,,,,,,,,,,,,,,,,,,,,,,,,,,,,,,,,,,,,,,,,,,,,,,,,,,,,,,,,,,,,,,,,,,,,,,,,,,,,,,,,,,,,,,
LAO,LAOS ,0.0,,0.0,,0.0,0.0,,,,0.0,,0.0,0.0,0.0,0.0,0.0,,0.0,1000000.0,0.0,0.0,0.0,0.0,,,0.0,0.0,,0.0,0.0,,,0.0,,,0.0,0.0,,,,,,15000.0,,0.0,600.0,,2000.0,,,,,,,,,,,,,,,,,,,,,,,,,,,,,,,,,,,,,,,,,,,,,,,,,,,,,,,,,,,,,,,,,,
LBN,LEBANON,,,,0.0,0.0,,0.0,,,,0.0,0.0,,0.0,,,,,,,,4000.0,,0.0,,,0.0,,,,0.0,,,,,,,,,,,,,,,,,,,,,,,,,,,0.0,0.0,,,,,,,,,,,,,,,,,,,,,,,,,,,,,,,,,,,,,,,,,,,,,,,,,,,,,,,
LBR,LIBERIA,0.0,,,0.0,0.0,340.0,3500.0,,0.0,,0.0,0.0,,0.0,0.0,0.0,,0.0,2000.0,,,,,0.0,,,,,,,,0.0,,0.0,,,0.0,,,,,,,,,,,,,,,,,,,,,,,,,,,,,,,,,,,,,,,,,,,,,,,,,,,,,,,,,,,,,,,,,,,,,,,,,,,,,
LBY,LIBYA,0.0,0.0,0.0,0.0,0.0,0.0,,,,0.0,,0.0,,0.0,,,,0.0,0.0,,,0.0,,,0.0,0.0,,,,,,,,,,,,,,,,,,,,,,,,,0.0,,,,,,,,,,,,,,,,,,,0.0,,,,,,,,,,,,,,,,,,,,,,,,,,,,,,,,,,,,,,,,,,,,
LCA,SAINT LUCIA,,,,0.0,,,0.0,,,0.0,,,,,200.0,,,0.0,,150.0,,,,,,0.0,0.0,0.0,,,0.0,,,10000.0,,,,,,,,,,,,,0.0,,,,0.0,,,0.0,,,,,,,,,,,,,,,,,,,,,,,,,,,,,,,,,,,,,,,,,,,,,,,,,,,,,,,,,,,,
LKA,SRI LANKA,0.0,69000.0,1060273.0,0.0,60000.0,0.0,0.0,0.0,0.0,480000.0,0.0,0.0,160.0,0.0,375000.0,75000.0,0.0,10000.0,120000.0,728150.0,40000.0,261140.0,197151.0,0.0,200000.0,0.0,0.0,8000.0,0.0,390000.0,250000.0,0.0,0.0,0.0,0.0,0.0,0.0,,,0.0,,,,,0.0,,0.0,100000.0,,100000.0,,,,,,,0.0,,,,,,,,,,,,,,,,,,,,,,,,,,,,,,,,,,,,,,,,,,,,,,,,,,,,,,,,,
LSO,LESOTHO,,,0.0,,,0.0,0.0,,,,,0.0,1000.0,0.0,0.0,,,20.0,,,,,,0.0,0.0,,0.0,,0.0,,0.0,,,,,,,,,0.0,,,,,,0.0,,,,,,,,,,,,,,,,,,,,,,,,,,,,,,,,,,,,,,,,,,,,,,,,,,,,,,,,,,,,,,,,,,,,
LTU,LITHUANIA,,0.0,,0.0,,,0.0,0.0,0.0,,,,0.0,,0.0,0.0,,,,,0.0,0.0,,,,,,,,,,,,,,,,,,,,,,,,,,,,,,,,,,,,,,,,,,,,,,,,,,,,,,,,,,,,,,,,,,,,,,,,,,,,,,,,,,,,,,,,,,,,
LUX,LUXEMBURG,,,,0.0,,,,,,,0.0,0.0,,,,,,,0.0,,0.0,,,0.0,,,,,,,0.0,,,,,,,,,,,,,,,,,,,,,,,,,,,,,,,,,,,,,,,,,,,,,,,,,,,,,,,,,,,,,,,,,,,,,,,,,,,,,,,,,,,
LVA,LATVIA,,0.0,,,,,,,0.0,,0.0,,0.0,0.0,0.0,,,,,,,,,,,,,,,,,,,,,,,,,,,,,,,,,,,,,,,,,,,,,,,,,,,,,,,,,,,,,,,,,,,,,,,,,,,,,,,,,,,,,,,,,,,,,,,,,,,
MAC,MACAU,,,,,,0.0,,,,,,0.0,,,,,,,,,2748.0,,,,,,,,,,,,,,,,,614.0,,,,,,,,,,,,,,,,,,,,,,,,,,,,,,,,,,,,,,,,,,,,,,,,,,,,,,,,,,,,,,,,,,,,,,,,,,,,
MAR,MOROCCO,0.0,0.0,0.0,0.0,0.0,0.0,0.0,0.0,0.0,12539.0,0.0,0.0,0.0,0.0,0.0,0.0,0.0,0.0,0.0,0.0,0.0,0.0,0.0,0.0,0.0,0.0,0.0,,,0.0,0.0,2216.0,,,732.0,,38000.0,,0.0,,0.0,,0.0,0.0,0.0,,,0.0,0.0,0.0,0.0,,,0.0,0.0,0.0,,,,0.0,,,0.0,,,,,,,,,,,,,,,,,,,,,,,,,,,,,,,,,,,,,,,,,,0.0,,,,,,,,,
MDA,"MOLDOVA, REPUBLIC OF",,0.0,,0.0,,0.0,0.0,,0.0,,,0.0,,0.0,753.0,,96.0,,,25500.0,,,,,,,,,,,,,,,,,,,,,,,,,,,,,,,,,,,,,,,,,,,,,,,,,,,,,,,,,,,,,,,,,,,,,,,,,,,,,,,,,,,,,,,,,,,,,,
MDG,MADAGASCAR,0.0,0.0,25845.0,0.0,8102.0,194338.0,12000.0,404.0,8877.0,258450.0,51605.0,5000.0,0.0,0.0,0.0,0.0,80000.0,0.0,0.0,40000.0,,,125000.0,,0.0,0.0,,0.0,,0.0,0.0,70000.0,0.0,,,0.0,0.0,8850.0,0.0,,,10000.0,,0.0,3000.0,10000.0,,,,0.0,,,,,,,,,,,,,,,,,,,,,,,,,,,,,,,,,,,,,,,,,,,,,,,,,,,,,,,,,,,,,,,,
MDV,MALDIVES,,,0.0,,,,0.0,,,13000.0,,,,,0.0,,,,,,,,23849.0,,,,0.0,,,,,,,,,0.0,,,,,,,,,,,,,,,,,,,,,,,,,,,,,,,,,,,,,,,,,,,,,,,,,,,,,,,,,,,,,,,,,,,,,,,,,,,,,,
MEX,MEXICO,0.0,4000.0,40000.0,0.0,0.0,0.0,30000.0,0.0,300000.0,0.0,3000.0,0.0,800.0,0.0,88000.0,120.0,50000.0,18750.0,58275.0,0.0,55790.0,31000.0,45800.0,0.0,0.0,25060.0,200.0,0.0,100000.0,4000.0,32500.0,15000.0,0.0,0.0,0.0,0.0,0.0,100000.0,0.0,0.0,0.0,0.0,0.0,0.0,0.0,0.0,0.0,10000.0,0.0,0.0,,0.0,0.0,,0.0,,0.0,,0.0,0.0,,0.0,0.0,,0.0,,,,,,0.0,,0.0,,,,,0.0,,,,,,,0.0,,,,,,,,,,,,,,,,,,,,0.0,,,,,,,,,
MHL,MARSHALL ISLANDS,0.0,,,,,0.0,,,,,,,,0.0,,,,,,,,,6000.0,,,,,,,,,,,,,,,,,,,,,,,,,,,,,,,,,,,,,,,,,,,,,,,,,,,,,,,,,,,,,,,,,,,,,,,,,,,,,,,,,,,,,,,,,,,
MKD,MACEDONIA,0.0,0.0,,,0.0,,0.0,0.0,0.0,0.0,0.0,150.0,0.0,0.0,,,,,0.0,,0.0,,,,,,,,,,,,,,,,,,,,,,,,,,,,,,,,,,,,,,,,,,,,,,,,,,,,,,,,,,,,,,,,,,,,,,,,,,,,,,,,,,,,,,,,,,,,,
MLI,MALI,0.0,,0.0,0.0,0.0,2500.0,46162.0,6000.0,1860.0,0.0,10000.0,0.0,0.0,0.0,200.0,4650.0,0.0,0.0,,,,0.0,0.0,,0.0,10000.0,0.0,0.0,0.0,0.0,,,0.0,0.0,0.0,,,0.0,,,,,,,0.0,,,0.0,,,,,,,,,,,,,,,,,,,,,,,,,,0.0,,,,,,,,,,,,,,,,,,,,,,,,,,,,,,0.0,,,,,,,,,,
MLT,MALTA,,,,,,0.0,0.0,0.0,0.0,0.0,,,,,,,,0.0,,,,,0.0,,,,,,,,,,,,,,,,,,,,,,,,,,,,,,,,,,,,,,,,,,,,,,,,,,,,,,,,,,,,,,,,,,,,,,,,,,,,,,,,,,,,,,,,,,,
MMR,MYANMAR (Burma) ,0.0,0.0,3152.0,0.0,0.0,0.0,4237.0,0.0,0.0,28200.0,,0.0,3750.0,,50000.0,0.0,33768.0,,16959.0,5000.0,1757.0,0.0,2800.0,0.0,22324.0,0.0,0.0,0.0,0.0,0.0,0.0,0.0,20000.0,,0.0,54000.0,0.0,200000.0,0.0,0.0,,0.0,,0.0,0.0,30000.0,0.0,,0.0,0.0,200.0,,,,,,,,,,,,,,,,,,,,,,0.0,,,,,150000.0,,,,,,0.0,,,,40000.0,,,0.0,,,,,,,,,,,,,,,,,,,,,0.0,,
MNE,MONTENEGRO,0.0,800.0,,0.0,0.0,,0.0,,,,,,,,,,,,,,,,,,,,,,,,,,,,,,,,,,,,,,,,,,,,,,,,,,,,,,,,,,,,,,,,,,,,,,,,,,,,,,,,,,,,,,,,,,,,,,,,,,,,,,,,,,,
MNG,MONGOLIA,,,,,0.0,0.0,0.0,,,,150.0,0.0,0.0,0.0,,0.0,,0.0,0.0,0.0,0.0,,0.0,0.0,,,,0.0,,,,0.0,,,,,,,,,,,,,,,,20000.0,,,,,,,,,0.0,,,,,,,,,,,,,,,,,,,,,,,,,,,,,,,,,,,,,,,,,,,,,,,,,,,,,,,,,
MNP,NORTHERN MARIANA ISLANDS,,,,,,,,,,0.0,,300.0,,,,,,,,,,,,,,,,,,,,,,,,,,,,,,,,,,,,,,,,,,,,,,,,,,,,,,,,,,,,,,,,,,,,,,,,,,,,,,,,,,,,,,,,,,,,,,,,,,,,,,
MOZ,MOZAMBIQUE,0.0,0.0,0.0,0.0,6500.0,58000.0,3500.0,1440.0,9000.0,0.0,0.0,4500.0,0.0,1050.0,0.0,2500.0,0.0,0.0,,500000.0,0.0,0.0,0.0,0.0,0.0,0.0,0.0,0.0,0.0,0.0,0.0,,0.0,0.0,0.0,25000.0,40000.0,,0.0,,,,0.0,,,,0.0,,,,,,,,,,,0.0,,,,,,,,,,,,,,,,,,,,,,,,,,,,,,,,,,,,,,,,,,,,,,,,,,,,,,,,
MRT,MAURITANIA,0.0,0.0,0.0,0.0,0.0,,0.0,10600.0,0.0,0.0,21000.0,0.0,3000.0,0.0,20160.0,0.0,0.0,0.0,192.0,0.0,0.0,,0.0,0.0,,0.0,0.0,,900.0,0.0,,0.0,,0.0,,0.0,,0.0,,,,,,,0.0,,,,0.0,,,,,,,,,,,,,,,,,,,,,,,,,0.0,,,,,,,,,,,,,,,,,,,,,,,,,,,,,,0.0,,,,,,,,,,
MSR,MONTSERRAT,,,,,,,,0.0,,,,,,,,,0.0,0.0,0.0,,,,,0.0,12000.0,,,,,,,,,,,,,,,,,,,,,,,,,,,,,,,,,,,,,,,,,,,,,,,,,,,,,,,,,,,,,0.0,,,,,,,,,,,,,,,,,,,,,,,,,,,,
MTQ,MARTINIQUE,,,0.0,0.0,,,0.0,,,,,,,,200.0,,,0.0,0.0,,3000.0,,,0.0,0.0,,,,,,,,,0.0,0.0,,,,,,,,,0.0,,,0.0,,,,0.0,,,0.0,,,,,,,,,,,,,,,,,,,,,,,,,,,,,,,,,,,,,,,,,,,,,,,,,,,,,,,,,,0.0,,
MUS,MAURITIUS,0.0,,0.0,,,,0.0,,0.0,,,1000.0,,,0.0,,,0.0,,1500.0,,,1500.0,,0.0,,0.0,,0.0,0.0,0.0,0.0,,0.0,5000.0,,,,0.0,,,0.0,,,,,3500.0,,,,,,,0.0,,,,,,,,,,,,,,,,,,,,,,,,,,,,,,,,,,,,,,,,,,,,,,,,,,,,,,,,,,,,
MWI,MALAWI,0.0,0.0,0.0,0.0,20550.0,0.0,2659.0,16000.0,44500.0,0.0,1000.0,0.0,0.0,0.0,0.0,0.0,0.0,,1300.0,,,0.0,150000.0,0.0,150000.0,,0.0,,,,,0.0,,,0.0,,,,,,,,,,0.0,,0.0,,0.0,,,,,,,,,,,,,,,,,,,,,,,,,,,,,,,,,,,,,,,,,,,,,,,,,,,,,,,,,,,,,,,,,
MYS,MALAYSIA,0.0,,0.0,0.0,0.0,0.0,29000.0,0.0,0.0,19296.0,0.0,0.0,0.0,0.0,0.0,0.0,0.0,3250.0,3000.0,0.0,5000.0,,0.0,,0.0,0.0,0.0,0.0,,0.0,0.0,,,0.0,,0.0,0.0,,,,,,,0.0,,0.0,15000.0,,0.0,,,,,,,,,,,,,,,,,,,,,,,,,,,,,,,,,,,,,,,,,,,,,,,,,,,,,,,,,,,,,,,,,
MYT,MAYOTTE,,0.0,,,,0.0,,,,,,,,,,,,,,,,,,,,,,,,,,,,,,,,,,,,,,,,,,,,,,,,,,,,,,,,,,,,,,,,,,,,,,,,,,,,,,,,,,,,,,,,,,,,,,,,,,,,,,,,,,,,
NAM,NAMIBIA,0.0,0.0,0.0,0.0,0.0,0.0,0.0,0.0,,0.0,0.0,0.0,0.0,0.0,,0.0,,,0.0,,,,0.0,0.0,,0.0,,,,,,,0.0,,,,,,,,,,,,,,,,,,,,,,,,,,,,,,,,,,,,,,,,,,,,,,,,,,,,,,,,,,,,,,,,,,,,,,,,,,,,,,,,,
NCL,NEW CALEDONIA,,,,,,,,,,,1000.0,,,,0.0,,,,,,,,,,0.0,,,,,,,,0.0,,,,,0.0,0.0,,,0.0,,,0.0,0.0,,,,,,,,,0.0,,,,0.0,,,,0.0,,,0.0,,,,,,,,,0.0,,,,,,,,,,,,,,,,,,,,,,,,,,,,,,,,,,,,,,,
NER,NIGER,0.0,0.0,28175.0,6615.0,0.0,0.0,0.0,46472.0,0.0,0.0,0.0,0.0,0.0,0.0,12789.0,20000.0,0.0,0.0,0.0,61992.0,,,0.0,0.0,0.0,0.0,0.0,0.0,,0.0,,0.0,,0.0,,,,,,0.0,,,,0.0,0.0,,,0.0,,,,,,,,,,,,,,,,,,,,,,,,,,0.0,,,,,,,,,,0.0,,,,,,,0.0,,,,,,,,,,0.0,,,0.0,,,,0.0,,,0.0,,,
NGA,NIGERIA,0.0,0.0,500.0,0.0,0.0,0.0,0.0,10000.0,13000.0,5000.0,0.0,200.0,5802.0,6400.0,38000.0,107000.0,0.0,0.0,0.0,400000.0,0.0,0.0,0.0,0.0,0.0,301500.0,0.0,0.0,0.0,0.0,0.0,,0.0,,0.0,0.0,,,,,0.0,0.0,,,0.0,,,,,,,,,,,,,,,,,,,,,,,,,,,,,,,,,,,,,,,,,,,,,,,,,,,,,,,,,,,,,,,,,,,,,
NIC,NICARAGUA,0.0,0.0,0.0,0.0,0.0,0.0,0.0,0.0,5763.0,0.0,,3004.0,0.0,5650.0,7105.0,10.0,0.0,0.0,0.0,0.0,0.0,0.0,0.0,0.0,,60000.0,33.0,,,,2500.0,0.0,,0.0,0.0,,,0.0,,,,300000.0,2400.0,,0.0,260.0,0.0,,,,,,,0.0,,,,,,,,,0.0,,,,,,,,,,,,,,,,,,,,0.0,,,,,,,,,,,,,,,,,,,,,,,,,0.0,,,,,,
NIU,NIUE,,,,,,,,,,500.0,,,,,0.0,,,,,,,,,0.0,,,,,,,,,,,,,,,,,,,,,,0.0,,,,,,,,0.0,0.0,,,,,,,,,,,,,,,,,,,,,,,,,,,,,,,,,,,,,,,,,,,,,,,,,,,,,,,,,,,
NLD,NETHERLANDS,,0.0,,0.0,,0.0,0.0,0.0,0.0,,0.0,0.0,0.0,0.0,0.0,0.0,0.0,0.0,0.0,0.0,0.0,0.0,0.0,0.0,,,,0.0,0.0,0.0,,,,,,,,0.0,0.0,,,0.0,,,,,,,,,,0.0,,,,,,,,0.0,0.0,,,,,,,,,,,,,,,,,,,,,,,,,,,,,,,,,,,0.0,0.0,,,,,,,,,,,,,,,,,
NOR,NORWAY,,,0.0,,,0.0,,,0.0,0.0,,,0.0,0.0,0.0,,0.0,0.0,0.0,0.0,0.0,0.0,,0.0,0.0,0.0,,,,,,,,0.0,,,,,,,,,,,,,0.0,,,,,,,,,,,,,,,,,,,,,,,0.0,,,,,,,,0.0,,,,,,,,,,,,,,,,,,,,,,,,,,,,,,,,,,,,
NPL,NEPAL,0.0,0.0,0.0,0.0,0.0,0.0,0.0,80000.0,0.0,0.0,15575.0,0.0,0.0,0.0,4000.0,50000.0,0.0,13650.0,3000.0,,200.0,50000.0,0.0,0.0,0.0,0.0,0.0,0.0,2000.0,0.0,0.0,0.0,0.0,35000.0,0.0,700.0,,0.0,0.0,,,0.0,,0.0,,0.0,0.0,0.0,,0.0,0.0,,,,,,,,,0.0,,,,,,,,,,,,,,,,,,,,0.0,,,,,,,,,,,,,,,,,,,,,,,,,,,,,,,,,,
NZL,NEW ZEALAND,0.0,0.0,300.0,0.0,,,0.0,0.0,400.0,0.0,0.0,0.0,0.0,0.0,0.0,0.0,0.0,0.0,0.0,0.0,,0.0,0.0,,0.0,0.0,0.0,600.0,0.0,0.0,0.0,,0.0,0.0,0.0,0.0,0.0,0.0,,,0.0,,,,,0.0,,,,,,,,,,,,,,,0.0,,,,,,,,,,,,,,,0.0,,,,,,,0.0,,0.0,,,,,,,,,,,0.0,,,,,,,,,,,,,,,,,,
OMN,OMAN,,,0.0,0.0,,,0.0,,,0.0,0.0,0.0,,,,,,,,,,,,,,,,,,,,,0.0,,,,1500.0,,,,,,,,,,,,,,,,,,,,,,,,,,,,,,,,,,,,,,,,,,,,,,,,,,,,,,,,,,,,,,,,,,,,,,,,,,,,,
PAK,PAKISTAN,16785.0,0.0,0.0,0.0,200.0,0.0,0.0,5600.0,5003500.0,2320.0,2500.0,5000.0,500.0,0.0,222090.0,3600.0,25000.0,3500.0,0.0,0.0,100.0,2953515.0,29465.0,0.0,0.0,1000000.0,0.0,0.0,0.0,2000.0,0.0,0.0,0.0,0.0,0.0,10000.0,245000.0,0.0,0.0,5200.0,0.0,,,0.0,,0.0,0.0,,0.0,0.0,,,,,0.0,,0.0,0.0,,0.0,0.0,,,0.0,,,,,0.0,10000.0,,,,,0.0,,,,0.0,,,,,,,,,0.0,,,,,,,,,,,,,,,,,,,,,,,,,,
PAN,PANAMA,0.0,0.0,0.0,0.0,0.0,0.0,725.0,1290.0,0.0,0.0,340.0,1500.0,775.0,1000.0,395.0,0.0,,,0.0,0.0,,0.0,9000.0,0.0,,2000.0,,2500.0,,0.0,0.0,0.0,,,,0.0,,,,,0.0,0.0,,0.0,,,,1000.0,0.0,0.0,,,,,,,,,,,,,,,,,,,,,,,,,,,,,,,,,,,,,,,,,,,,,,,,,,,,,,,,,,,,,,,,
PER,PERU,5247.0,51385.0,1705.0,1000.0,150.0,0.0,0.0,325.0,0.0,70.0,3950.0,0.0,125015.0,50.0,252250.0,0.0,0.0,20780.0,0.0,12000.0,0.0,0.0,0.0,32500.0,500.0,1000.0,840.0,466.0,4300.0,0.0,0.0,5000.0,5000.0,0.0,100.0,5000.0,300.0,,,1500.0,0.0,75000.0,0.0,5000.0,0.0,0.0,10000.0,49256.0,0.0,0.0,,0.0,,0.0,,0.0,,,,,0.0,,,0.0,,,0.0,0.0,,,0.0,,0.0,0.0,,,,,,,,,,,,,,,,,,,,,,,,,,,0.0,,,,,,,,,,,,,
PHL,PHILIPPINES,0.0,35762.0,30000.0,2000.0,110.0,59645.0,13997.0,11200.0,4500.0,28900.0,83203.0,3000.0,100000.0,125250.0,9781.0,0.0,0.0,96000.0,118500.0,375787.0,306122.0,9267.0,80873.0,1110020.0,162114.0,66321.0,325139.0,6633.0,10256.0,1321526.0,32360.0,338083.0,12658.0,549379.0,61535.0,23076.0,15679.0,110.0,698.0,6441.0,45000.0,397647.0,46500.0,67200.0,0.0,45313.0,0.0,90000.0,8000.0,0.0,2000.0,0.0,0.0,0.0,0.0,,0.0,0.0,0.0,0.0,,0.0,0.0,0.0,0.0,0.0,,0.0,,,,,,0.0,,0.0,0.0,0.0,,0.0,,2500.0,0.0,,,,,,,,,,,,,0.0,,,,,,0.0,0.0,,,,,,0.0,,,,,
PLW,PALAU,,,,,,,,,,,,,,,,,,0.0,,,,,,,,,,,,,,,,,,,,,,,,,,,,,,,,,,,,,,,,,,,,,,,,,,,,,,,,,,,,,,,,,,,,,,,,,,,,,,,,,,,,,,,,,,,,,,,,
PNG,PAPUA NEW GUINEA,0.0,0.0,0.0,,0.0,0.0,0.0,22000.0,200.0,0.0,0.0,1000.0,200.0,5000.0,38000.0,0.0,7500.0,0.0,0.0,46000.0,65000.0,0.0,5000.0,0.0,,0.0,0.0,0.0,0.0,,0.0,,,0.0,0.0,,,,,,,0.0,0.0,0.0,,,,,,,,,,0.0,,,0.0,,,,,,0.0,,,,,,,,,,,,,,0.0,,,,,,,0.0,,,,,,,,,,,,,,,,,,,,,,,,,,,,,,
POL,POLAND,0.0,0.0,0.0,0.0,0.0,0.0,0.0,0.0,0.0,0.0,,0.0,0.0,0.0,0.0,0.0,62000.0,,0.0,0.0,,0.0,0.0,0.0,,,0.0,,,,0.0,1824.0,,0.0,0.0,,0.0,,,,,,0.0,,,,,,,,,,,,,,,,,,,0.0,,,0.0,,,,,,,,,,,,,,,,,,,,,0.0,,,,,,,,,,,,,,,,,,,,,,,,,,,,
PRI,PUERTO RICO,,0.0,771.0,,0.0,,0.0,,,0.0,100.0,0.0,180.0,0.0,0.0,0.0,,0.0,0.0,0.0,,0.0,,,0.0,,,0.0,0.0,,,,0.0,,0.0,,,,0.0,,,,,0.0,,,,,,,,,,0.0,,,,,,,,,,,,,,,,,,0.0,,,,,,,,,,0.0,,,,0.0,,,,,,,,,,0.0,,,,,,,,,,,,,,,,,,
PRK,"KOREA, D.P.R.O.",48688.0,33500.0,0.0,0.0,,,171649.0,84500.0,16093.0,208505.0,,19637.0,30000.0,147000.0,2905.0,0.0,29000.0,0.0,500000.0,,0.0,,0.0,,,,0.0,,,,,,,,0.0,,,,,,,,,,,,,,,,,,,,,,,,,,,,,,,,,,,,,,,,,,,,,,,,,,,,,,,,,,,,,,,,,,,,,,,,,,,,,,,
PRT,PORTUGAL,0.0,,,0.0,,38.0,0.0,0.0,0.0,0.0,0.0,60.0,200.0,60.0,,,200.0,0.0,,,,0.0,0.0,0.0,0.0,200.0,0.0,0.0,0.0,,0.0,,0.0,,10000.0,,0.0,,0.0,,0.0,,,,,,0.0,,,0.0,,,,,,,,,,,,,,,,,,,,,0.0,,,,,,,,,,,,,,,,,,,,,,,,,,,,,,,,,,,,,,,,,,,
PRY,PARAGUAY,0.0,0.0,2000.0,0.0,0.0,0.0,0.0,0.0,0.0,0.0,,12500.0,,0.0,0.0,0.0,0.0,0.0,0.0,,,0.0,,0.0,,15000.0,,,,,0.0,0.0,,,70000.0,,,,,,,,0.0,,,,,2500.0,0.0,,0.0,,,,,,,,,,,,,,,,,,,,,,,,,,,,,,,,,,,,,,,,,,,,,,,,,,,,,,,,,,,,,,,
PSE,STATE OF PALESTINE,0.0,0.0,,500.0,,0.0,0.0,,,,,,,,0.0,,,,,,,,,,,,,,,,0.0,,,,,,,,,,,,,,,,,,,,,,,,,,,,,,,,,,,,,,,,,,,,,,,,,,,,,,,,,,,,,,,,,,,,,,,,,,,,,,,,,,,
PYF,FRENCH POLYNESIA,,,,0.0,,,0.0,,,,,,,,,0.0,,,,,,,,,,,0.0,,,,0.0,,,,,,,,,,,,,,,,,,,,,,,,,0.0,,,,,,,,,,,,,,,,,,,,,,,,,,,,,,,,,,,,,,,,,,,,,,,,,,,,,,,,,,
QAT,QATAR,,0.0,,,0.0,,,,,,,,,,,,,,,,,,,,,,,,,,,,,,,,,,,,,,,,,,,,,,,,,,,,,,,,,,,,,,,,,,,,,,,,,,,,,,,,,,,,,,,,,,,,,,,,,,,,,,,,,,,,,
REU,REUNION,,,,,,,0.0,,0.0,,,2800.0,,600.0,,,,,,,0.0,,0.0,,0.0,,0.0,,,0.0,,,,0.0,,,0.0,,,,,,,,,,,,,,,,,,,,,,,,,,,,,0.0,,,,,,,,,,,,,,,,,,,,,,,,,,,,,,,,,,,,,,,,,,,,,,,,
ROU,ROMANIA,0.0,0.0,,0.0,0.0,0.0,0.0,5000.0,800.0,0.0,600.0,3900.0,0.0,731.0,920.0,0.0,122320.0,0.0,5000.0,5400.0,200.0,,12000.0,0.0,0.0,,,0.0,,0.0,0.0,,,,,,175000.0,,0.0,,,,,0.0,,,,,,,,,,,,,,,,,,,,,,,,,0.0,,0.0,,0.0,0.0,,0.0,,,,0.0,,,,,,0.0,,0.0,,,,,,,,,,0.0,,,0.0,0.0,,,,0.0,,,,,,,,
RUS,RUSSIA,0.0,5752.0,0.0,1200.0,0.0,0.0,7500.0,0.0,0.0,1000.0,1800.0,1620.0,400.0,19100.0,6440.0,36683.0,0.0,600.0,1200.0,5529.0,0.0,0.0,0.0,,,,,,,,,,,,,,,,,,,,,,,,,,,,,,,,,,,,,,,,,,,,,,,,,,,,,,,,,,,,,,,,,,,,,,,,,0.0,,,,,,,,,,,,,,,,,,
RWA,RWANDA,,0.0,0.0,5920.0,,0.0,0.0,0.0,,0.0,7000.0,0.0,0.0,0.0,0.0,0.0,,0.0,0.0,,,,0.0,,0.0,0.0,,,,0.0,,,,,,0.0,,0.0,,0.0,,,,,,,,,,,,,,,,,,,,,,,,,,,,,,,,,,,,,,,,,,,,,,,,,,,,,,,,,,,,,,,,,,,,,,,,,,
SAU,SAUDI ARABIA,0.0,0.0,0.0,0.0,10000.0,0.0,0.0,0.0,0.0,0.0,0.0,0.0,0.0,0.0,0.0,0.0,0.0,0.0,,0.0,,,0.0,0.0,,,,0.0,5000.0,,,0.0,0.0,0.0,,,,,0.0,,,,,,,,,0.0,,0.0,,,,,,,,,,,,,,,,,,,,,,,,,,,,,,,,,,,,,,,,,,,,,,,,,,,,,,,,,,,,,,,,
SDN,SUDAN,0.0,0.0,0.0,10000.0,0.0,0.0,200000.0,6000.0,8780.0,0.0,0.0,3500.0,0.0,0.0,46150.0,100000.0,0.0,55700.0,0.0,0.0,2000.0,,0.0,0.0,0.0,1000000.0,0.0,0.0,,,30000.0,,,0.0,,0.0,,0.0,0.0,,,,,,,,,0.0,0.0,,,,,,,,,,,,,,,0.0,,,,,,,0.0,,,0.0,,,,,,,,,,,,,,,,,,,,,,,,,,,,,,,,,,,,,,,,
SEN,SENEGAL,0.0,0.0,0.0,0.0,0.0,0.0,0.0,0.0,0.0,1000.0,6492.0,0.0,250.0,0.0,30000.0,0.0,0.0,,0.0,17500.0,0.0,0.0,,,,10000.0,0.0,0.0,0.0,0.0,0.0,,,0.0,0.0,0.0,,0.0,,,,,,,0.0,,,0.0,0.0,,,,,,,,,,,,,,,,,,,,,,,,,0.0,,,,,,,,,,,,,,,,,,,,,,,,,,,,,,0.0,,,,,,,,,,
SGP,SINGAPORE,,,,,,,,,,,,0.0,,0.0,,0.0,0.0,,,,0.0,0.0,,,,,,0.0,,,,,,,,,,,,,,,,,,,,,,,,,,,,,,,,,,,,,,,,,,,,,,,,,,,,,,,,,,,,,,,,,,,,,,,,,,,,,,,,,,,,,,
SHN,ST. HELENA,,,,,,,,,,,,,0.0,,,,,,,,,,,,,,,,,,,,,,,,,,,,,,,,,,,,,,,,,,,,,,,,,,,,,,,,,,,,,,,,,,,,,,,,,,,,,,,,,,,,,,,,,,,,,,,,,,,,,
SLB,SOLOMON ISLANDS,0.0,0.0,0.0,590.0,0.0,0.0,0.0,,,,150.0,1100.0,,,,0.0,0.0,,,,0.0,0.0,0.0,,,500.0,,60000.0,0.0,,,0.0,,,0.0,,0.0,,0.0,,,,0.0,,,200.0,0.0,0.0,,,,,,,,,,0.0,,,,,,,,,,,,,,,,,0.0,,,,,,,,0.0,,,,,,,,,,,,,,,,,,,,,,,,,,,,,,,
SLE,SIERRA LEONE,2257.0,0.0,0.0,0.0,0.0,0.0,0.0,0.0,0.0,0.0,0.0,,0.0,0.0,0.0,0.0,0.0,0.0,0.0,,,0.0,,,,,0.0,,0.0,0.0,0.0,,,,,,,,0.0,,,,,,,,,,,,,,,,,,,,,,,,,,,,,,,,,,,,,,,,,,,,,,,,,,,,,,,,,,,,,,,,,,,,,,,,,,,
SLV,EL SALVADOR,,,0.0,2800.0,15000.0,0.0,0.0,0.0,0.0,0.0,0.0,0.0,0.0,0.0,0.0,0.0,2000.0,0.0,0.0,0.0,0.0,0.0,0.0,0.0,0.0,0.0,,250000.0,,,,2500.0,0.0,,,,,,,,,,,,0.0,,,,48000.0,,,,,,,,,,,,,,0.0,,,,,,,,,,,,,,,,,0.0,,,,,,,,,,,,,,,,,,,,,,,,,,,,0.0,,,,0.0,,
SOM,SOMALIA,0.0,20000.0,0.0,200.0,0.0,0.0,2000.0,5000.0,4500.0,1500.0,0.0,0.0,0.0,220000.0,0.0,0.0,230000.0,0.0,0.0,0.0,,0.0,0.0,,0.0,0.0,30000.0,0.0,0.0,,0.0,,0.0,0.0,,,0.0,,,,0.0,,,,0.0,,,,0.0,0.0,,,0.0,,,,,,,,,,,,,,,,,,,,,,,,,,,,,,,,,,,,,,,,,,,,,,,,,,,,,,,,,,,,,
SRB,SERBIA,0.0,0.0,,1470.0,0.0,,0.0,,,,,,,,,,,,,,,,,,,,,,,,,,,,,,,,,,,,,,,,,,,,,,,,,,,,,,,,,,,,,,,,,,,,,,,,,,,,,,,,,,,,,,,,,,,,,,,,,,,,,,,,,,,
SSD,SOUTH SUDAN,,0.0,,,,,,,,,,,,,,,,,,,,,,,,,,,,,,,,,,,,,,,,,,,,,,,,,,,,,,,,,,,,,,,,,,,,,,,,,,,,,,,,,,,,,,,,,,,,,,,,,,,,,,,,,,,,,,,,
STP,SAO TOME AND PRINCIPE,,,,,,0.0,0.0,,,,,,,,,,,,,,,,,,0.0,,,0.0,,,0.0,,,,,,,,,,,,,,,,,,,,,,,,,,,,,,,,,,,,,,,,,,,,,,,,,,,,,,,,,,,,,,,,,,,,,,,,,,,,,,,,,,,
SUR,SURINAME,,,,,,0.0,,0.0,,,,,0.0,,,,,,,,,,,,0.0,,,,,,,,,,,,,,,,,,,,0.0,,,,,,,,,,,,,,,,,,,,,,,,,,,,,,,,,,,,,,,,,,,,,,,,,,,,,,,,,,,,,,,,,,,,,
SVK,SLOVAKIA (SLOVAK REPUBLIC),0.0,0.0,,0.0,0.0,,0.0,0.0,0.0,0.0,0.0,0.0,0.0,0.0,941.0,756.0,0.0,,0.0,,,,,,,,,,,,,,,,,,,,,,,,,,,,,,,,,,,,,,,,,,,,,,,,,,,,,,,,,,,,,,,,,,,,,,,,,,,,,,,,,,,,,,,,,,,,,,,
SVN,SLOVENIA,,0.0,,,,0.0,1050.0,,0.0,0.0,0.0,,,,,700.0,,,0.0,,,,,,,,,,,,,,,,,,,,,,,,,,,,,,,,,,,,,,,,,,,,,,,,,,,,,,,,,,,,,,,,,,,,,,,,,,,,,,,,,,,,,,,,,,,,,,,
SWE,SWEDEN,,,,,,,,,0.0,,,0.0,,,0.0,0.0,,,0.0,,,0.0,,0.0,0.0,,0.0,,0.0,,,,,,,,0.0,0.0,,,,,,,,,,,,,,,,,,,,,,,,,,,,,,,,0.0,0.0,,,,,,,,,,,,,,,,,,,,,,,,,,,,,,,,,,,,,,,,,,,
SWZ,SWAZILAND,,,,,,0.0,0.0,0.0,260.0,0.0,,,0.0,0.0,,,,0.0,,,,0.0,,0.0,,,,,,500.0,,,0.0,,,,,,,,,,,,,,,,,,,,,,,,,,,,,,,,,,,,,,,,,,,,,,,,,,,,,,,,,,,,,,,,,,,,,,,,,,,,,,,,,
SYC,SEYCHELLES,0.0,,,,,,,,0.0,70.0,,0.0,,,,,110.0,,0.0,,,,,,,,,,,,,,,,,,,,,,,,,,,,,,,,,,,,,,,,,,,,,,,,,,,,,,,,,,,,,,,,,,,,,,,,,,,,,,,,,,,,,,,,,,,,,,,
SYR,SYRIAN ARAB REPUBLIC,,,0.0,,0.0,0.0,0.0,0.0,0.0,0.0,,2000.0,0.0,0.0,0.0,0.0,,,0.0,0.0,,,,,,,,,,,,,,,,,0.0,,,75000.0,,,,,,,0.0,,0.0,,,,,,,,,,,,,,,,,,,,,,,,,,,,,,,,,,,,,,,,,,,,,,,,,,,,,,,,,,,,,,,,,
TCA,TURKS AND CAICOS ISLANDS,,,,,0.0,0.0,,,,0.0,,,,,,0.0,,,,,,,,0.0,,,,,0.0,,,,,,,,,,,,,,,,,,,,,,,,,,,,,,,,,,,,,,,,,,,,,,,,,,,,,,,,,,,,,,,,,,,,,,,,,,,,,,,,,,,,,
TCD,CHAD,,0.0,0.0,0.0,5795.0,6450.0,0.0,0.0,0.0,0.0,0.0,,0.0,0.0,45000.0,1000.0,0.0,0.0,40343.0,,0.0,,0.0,,,0.0,0.0,0.0,500.0,,,,,0.0,,,0.0,,,,,,0.0,,0.0,,,0.0,,,,,,,,,,,,,,,,,,,,,,,,,,0.0,,,,,,,,,,,,,,,,,,,,,,,,,,,,,,0.0,,,,,,,,,,
TGO,TOGO,,,0.0,0.0,0.0,0.0,13374.0,0.0,,,0.0,0.0,0.0,,0.0,0.0,,0.0,75000.0,1500.0,,0.0,,,0.0,0.0,,,,,,,,0.0,,,,,,,,,0.0,,,,,0.0,0.0,,,,,,,,,,,,,,,,,,,,,,,,,,,,,,,,,,,,,,,,,,,,,,,,,,,,,,,,,,,,,,,,,
THA,THAILAND,0.0,0.0,0.0,300.0,0.0,1000.0,0.0,0.0,0.0,3550.0,0.0,36104.0,4730.0,800.0,200.0,0.0,0.0,0.0,56984.0,65141.0,30388.0,27120.0,42507.0,0.0,45000.0,0.0,0.0,0.0,0.0,0.0,0.0,0.0,0.0,0.0,0.0,0.0,0.0,,0.0,,,,,,,0.0,,5000.0,,,,0.0,,,,,,,0.0,,,,,,,,,,,,,,,,,,,,,,,,,,,,,,,,,,,,,,,,,,,,,,,,,,,,,,,
TJK,TAJIKISTAN,0.0,0.0,0.0,1134.0,0.0,0.0,125.0,0.0,735.0,0.0,780.0,3490.0,150.0,0.0,4503.0,916.0,0.0,0.0,0.0,1051.0,60357.0,0.0,,0.0,,,,,,,,,,,,,,,,,,,,,,,,,,,,,,,,,,,,,,,,,,,,,,,,,,,,,,,,,,,,,,,,,,,,,,,,,,,,,,,,,,,,,,,,,,
TKL,TOKELAU,,,,,,,,,25.0,,,,,,,,,,,,,,,102.0,,,30.0,,,,,,,,,,,,,,,,,,,,,0.0,,,,,,,,,,,,,,,,,,,,,,,,,,,,,,,,,,,,,,,,,0.0,,,,,,,,,,,0.0,,,,,,,,,,,,,,
TKM,TURKMENISTAN,,,0.0,,,,,,,,,,,0.0,,0.0,,,,,120.0,,,,,,,,,,,,,,,,,,,,,,,,,,,,,,,,,,,,,,,,,,,,,,,,,,,,,,,,,,,,,,,,,,,,,,,,,,,,,,,,,,,,,,,,,,,,,
TLS,EAST TIMOR,,,,,,,0.0,0.0,0.0,,0.0,,0.0,,,,,,,,,,,,,,,,,,,,,,,,,,,,,,,,,,,,,,,,,,,,,,,,,,,,,,,,,,,,,,,,,,,,,,,,,,,,,,,,,,,,,,,,,,,,,,,,,,,,,
TON,TONGA,,,0.0,,0.0,,,,,0.0,,,0.0,,,0.0,3000.0,,,,,,,500.0,,,,,,,,46500.0,,,,,500.0,,,,200.0,,,,,,,,,,,,0.0,,,,,,,,,,,,,,,0.0,,,,,,,,,,,,,,,,,,,,,,,,,,,,,,,,,,,,,,,,,,,,,,
TTO,TRINIDAD AND TOBAGO,,,,0.0,,,,,0.0,0.0,,,,,,0.0,215.0,0.0,,,10.0,,,0.0,,0.0,,,,,,,,,0.0,,,,,0.0,,,,,,,,,,,0.0,,,,,,,,,,,,,,,,,,,,,,,,,,,,,,0.0,,,,,,,,,,,,,,,,,,,,,,,,,,,,,,,,,
TUN,TUNISIA,,,0.0,,0.0,0.0,0.0,0.0,,0.0,0.0,0.0,,0.0,,,,,,0.0,,,,0.0,,0.0,,2500.0,,,,0.0,,,0.0,0.0,0.0,,,,0.0,,,,0.0,,,,,0.0,,0.0,,,,,0.0,,,,,,,,,,,,,,,,,,,,,,,,,,,,,,,,,,,,,,,,,,,,,,,,,,,,,,,,,
TUR,TURKEY,0.0,0.0,32075.0,200.0,0.0,300.0,36.0,0.0,0.0,50000.0,45000.0,30000.0,0.0,350.0,655000.0,128100.0,0.0,9000.0,48500.0,0.0,0.0,95000.0,0.0,0.0,0.0,685.0,0.0,250.0,65.0,0.0,33000.0,,0.0,0.0,3.0,2500.0,0.0,51000.0,0.0,0.0,,0.0,27465.0,0.0,0.0,0.0,87000.0,0.0,0.0,0.0,0.0,0.0,,,,,0.0,0.0,,0.0,0.0,0.0,0.0,,0.0,0.0,,0.0,,0.0,0.0,0.0,,0.0,0.0,0.0,,,,,,,,,,0.0,,,,,,0.0,,,,,,,,,,0.0,,,,,,,,,0.0,,,
TUV,TUVALU,,,0.0,,,,,,,,,,,0.0,,,,,,,150.0,,,400.0,,,0.0,,,0.0,,,,,,,,,,,,0.0,,,,,,,,,,,,,,,,,,,,,,,,,,,,,,,,,,,,,,,,,,,,,,,,,,,,,,,,,,,,,,,,,,,,,,,,
TZA,"TANZANIA, UNITED REPUBLIC OF",0.0,0.0,6776.0,0.0,0.0,1942.0,0.0,21500.0,0.0,0.0,0.0,2000.0,1050.0,1835.0,0.0,0.0,2104.0,0.0,20000.0,9500.0,280.0,0.0,0.0,20868.0,0.0,0.0,0.0,6000.0,0.0,0.0,0.0,0.0,,0.0,0.0,0.0,0.0,,,18000.0,,,,,,0.0,0.0,,,3900.0,,,,,,,,,,,,,,,,,,,,,,,,,,,,,,,,,,,,,,,,,,,,,,,,,,,0.0,,,0.0,,0.0,,,,,,,0.0,
UGA,UGANDA,0.0,3368.0,0.0,0.0,0.0,0.0,282975.0,0.0,50000.0,20000.0,11500.0,200.0,300.0,14000.0,0.0,2200.0,3500.0,0.0,,0.0,0.0,0.0,0.0,0.0,0.0,0.0,0.0,0.0,,,,0.0,,,0.0,,,,,,,,,,,,0.0,0.0,,,,,,,,,,,,,,,,,,,,,,,,,,,,,,,0.0,,,,,,,,,,,,,,,,,,,,,,,,,,,,,,,,,,0.0,
UKR,UKRAINE,,0.0,0.0,0.0,0.0,0.0,1267.0,0.0,0.0,0.0,0.0,0.0,0.0,0.0,0.0,24340.0,0.0,0.0,0.0,0.0,0.0,0.0,0.0,,,,,,,,,,,,,,,,,,,,,,,,,,,,,,,,,,,,,,,,,,,,,,,,,,,,,,,,,,,,,,,,,,,,,,,,,,,,,,,,,,,,,,,,,,,
URY,URUGUAY,,,,0.0,0.0,,10000.0,,0.0,0.0,0.0,2700.0,0.0,100.0,1000.0,0.0,500.0,,,,0.0,0.0,0.0,,,,,2500.0,,,,,,,,,,,,,,,0.0,,,,0.0,,,,,,,,,,,,,,,,,,,,,,,,,,,,,,,,,,,,,,,,,,,,,,,,,,,,,,,,,,,,,,,,,,,
USA,UNITED STATES,1953.0,1305.0,32100.0,111.0,1326.0,300.0,1127.0,267.0,1542.0,1135.0,16101.0,3609.0,75868.0,6494.0,7209.0,6644.0,400.0,0.0,2000.0,21330.0,300.0,250540.0,300.0,0.0,25015.0,0.0,0.0,0.0,20000.0,5500.0,6000.0,15500.0,0.0,8900.0,0.0,0.0,0.0,0.0,0.0,0.0,0.0,0.0,0.0,0.0,0.0,0.0,0.0,0.0,0.0,0.0,0.0,0.0,0.0,0.0,0.0,0.0,0.0,0.0,0.0,0.0,0.0,0.0,0.0,0.0,0.0,0.0,0.0,0.0,0.0,0.0,0.0,0.0,0.0,0.0,0.0,0.0,0.0,0.0,0.0,0.0,0.0,0.0,,0.0,0.0,0.0,0.0,0.0,0.0,,,0.0,,0.0,0.0,0.0,,0.0,0.0,,0.0,,0.0,0.0,0.0,0.0,,0.0,,0.0,0.0,0.0,,0.0
UZB,UZBEKISTAN,,,0.0,,,3500.0,,0.0,0.0,0.0,,,,0.0,60.0,3500.0,,,,,,400.0,,,,,,,,,,,,,,,,,,,,,,,,,,,,,,,,,,,,,,,,,,,,,,,,,,,,,,,,,,,,,,,,,,,,,,,,,,,,,,,,,,,,,,,,,,,,
VCT,SAINT VINCENT AND THE GRENADINES,,,0.0,100.0,,,,,0.0,0.0,,0.0,,,0.0,,,,,,,0.0,,,,,200.0,0.0,,,,,,500.0,0.0,,0.0,,,,,,0.0,,,,0.0,,,,,,,,,,,,0.0,,,,,,,,,,,,,,,,,,,,,,,,,,,,,,,,,,,,,,,,,,,,,,,,,,,,,0.0,,
VEN,VENEZUELA,0.0,0.0,2000.0,0.0,0.0,0.0,0.0,40.0,1650.0,4080.0,200.0,0.0,0.0,0.0,122888.0,0.0,21500.0,16500.0,0.0,500.0,5500.0,0.0,0.0,0.0,2000.0,0.0,1700.0,800.0,0.0,,,0.0,0.0,0.0,,,,,,,,,0.0,,0.0,,0.0,,,,,0.0,,,,,,0.0,,,,,,0.0,,,,,,,,,,,0.0,,,,,,,,,,,,,,,,,,,,,,,,,,,,,,,,,,,,,,,
VGB,VIRGIN ISLANDS (BRITISH),,,,,,,,,,,,,,,,,,0.0,0.0,,,,,,,,,,,,,,,,,,,,,,,,,,,,,,,,,,,,,,,,,,,,,,,,,,,,,,,,,,,,,,,,,,,,,,,,,,,,,,,,,,,,,,,,,,,,,,,
VIR,VIRGIN ISLANDS (U.S.),,,,,,,,,,0.0,,,,,0.0,0.0,,,10000.0,,,,,,8000.0,,,,,,,,,,,,,,,,,,,,,,,,,,,,,,,,,,,,,,,,,,,,,,,,,,,,,,,,,,,,,,,,,,,,,,,,,,,,,,,,,,,,,,,,,
VNM,VIET NAM,0.0,297045.0,0.0,1620.0,108635.0,12660.0,47525.0,352680.0,18205.0,0.0,18880.0,0.0,23600.0,11860.0,143555.0,44980.0,383045.0,0.0,0.0,1000.0,12185.0,48789.0,456505.0,2000.0,781000.0,0.0,352000.0,0.0,225000.0,1000.0,601360.0,0.0,0.0,664500.0,,79000.0,0.0,,0.0,,0.0,,0.0,0.0,,,0.0,70361.0,,0.0,,,,,,,,0.0,,,0.0,,,,,,,,,,,,,,,,,,,,,,,,,,,,,,,,,,,,,,,,,,,,,,,,,,,,,
VUT,VANUATU,,,0.0,,0.0,0.0,,0.0,0.0,0.0,,0.0,295.0,,2000.0,0.0,0.0,,,0.0,7000.0,0.0,,0.0,,6600.0,0.0,,0.0,,,,0.0,,0.0,,0.0,,0.0,,,0.0,,,,,,,,,,,,,0.0,,,,,,,,0.0,,,,,,,,,,,0.0,,,,,,,,,,,,,,,,,,,,,,,,,,,,,,,,,,,,,,,,
WLF,WALLIS AND FUTUNA ISLANDS,,0.0,,,,,,,,,,,,,,,,,,,0.0,,,,,,,0.0,,,,,,,,,,,,,,,,,,,,0.0,0.0,,,,,,,,,,,,,,,,,,,,,,,,,,,,,,,,,,,,,,,,,,,,,,,,,,,,,,,,,,,,,,,,,
WSM,SAMOA,,0.0,,,0.0,,,,0.0,0.0,,,0.0,,,,,,,,,,3000.0,25000.0,0.0,,,,,,0.0,,,,,,,,,,,,,,,0.0,,0.0,,0.0,,,,,,,,,,,,,,,,,,,,,,,,,,,,,,,,,,,,,,,,,,,,,,,,,,,,,,,,,,,,,,,,
YEM,YEMEN,0.0,0.0,0.0,1000.0,0.0,0.0,0.0,2300.0,500.0,0.0,0.0,440.0,0.0,0.0,7500.0,0.0,,114210.0,0.0,,12500.0,0.0,70000.0,,,,,,,,,,,,,,,,,,,,,,,,,,,,,,,,,,,,,,,,,,,,,,,,,,,,,,,,,,,,,,,,,,,,,,,,,,,,,,,,,,,,,,,,,,,
ZAF,SOUTH AFRICA,4000.0,0.0,3500.0,0.0,0.0,3500.0,3600.0,0.0,0.0,15000.0,600.0,1000.0,600.0,7150.0,8300.0,0.0,0.0,500.0,0.0,2000.0,15000.0,0.0,0.0,0.0,0.0,0.0,0.0,0.0,,0.0,0.0,0.0,185.0,0.0,,0.0,0.0,,,0.0,,,,,0.0,0.0,,,0.0,0.0,,,,0.0,0.0,,,,,,,0.0,,,,,,,,,,,0.0,,,,,,,,,,,,,,,,,,,,,0.0,,,,,,,,,,,,,,,,,,,,
ZMB,ZAMBIA,0.0,0.0,0.0,150.0,0.0,0.0,0.0,0.0,0.0,0.0,11000.0,,0.0,0.0,0.0,0.0,,0.0,0.0,,,0.0,0.0,0.0,0.0,,0.0,0.0,,,0.0,0.0,0.0,,0.0,0.0,,,,,,,,0.0,,,,,,,,,,,,,,,,,,,,,,,,,,,,,,,,,,,,,,,,,,,,,,,,,,,,,,,,,,,,,,,,,,,,,,
ZWE,ZIMBABWE,0.0,0.0,0.0,0.0,0.0,0.0,0.0,0.0,0.0,0.0,0.0,0.0,0.0,66000.0,0.0,0.0,,0.0,0.0,,,0.0,0.0,0.0,0.0,,,,,,0.0,0.0,0.0,,,,,,0.0,,,,,,,,,,,,,,,,,,,,,,,,,,,,,,,,,,,,,,,,,,,,,,,,,,,,,,,,,,,,,,,,,,,,,,,,,,,
